owner,brand,kms_driven,age,power,price,prediction
1,2,14000.0,2.0,410.0,173300.0,182412.7990085311
1,2,8500.0,3.0,350.0,154400.0,146728.56196162233
1,3,51576.0,6.0,100.0,19695.0,9962.860609135758
1,1,59944.0,8.0,180.0,24000.0,22494.06722121028
1,6,174638.0,14.0,150.0,23000.0,42795.79252796492
1,2,20000.0,6.0,350.0,95000.0,136891.02319844835
1,2,13452.0,6.0,350.0,95000.0,137293.03470732778
1,3,15939.0,13.0,100.0,15800.0,-9156.058544714688
1,2,28000.0,7.0,500.0,120000.0,215801.21612045175
1,2,5000.0,7.0,350.0,85700.0,134768.1076227217
1,1,9500.0,3.0,400.0,150000.0,161729.82487015595
1,2,23000.0,4.0,350.0,126000.0,142794.50718126167
1,4,18000.0,7.0,125.0,26000.0,35140.344289467146
1,1,23000.0,7.0,220.0,42400.0,49791.443434769884
1,3,46643.0,14.0,100.0,12200.0,-14084.950602088502
1,3,23500.0,8.0,100.0,38000.0,5598.906344810632
1,1,7600.0,8.0,220.0,40000.0,47693.085678767035
1,1,48021.0,16.0,125.0,13500.0,-31354.496572018586
2,2,15000.0,12.0,350.0,55000.0,109870.9128725718
1,3,8191.0,4.0,100.0,50000.0,18714.130761676017
1,4,42837.0,8.0,150.0,43000.0,44312.517908201495
1,1,20094.0,6.0,220.0,64000.0,53013.689810434735
1,4,2780.0,2.0,110.0,65000.0,43049.4200936299
1,6,45949.0,4.0,160.0,50390.0,86631.2793799055
1,3,18755.0,5.0,100.0,34000.0,15021.724927398041
1,1,38500.0,7.0,220.0,45000.0,48839.82792047069
1,6,23000.0,7.0,100.0,21000.0,45930.64819315828
1,1,13000.0,4.0,400.0,110000.0,158471.11013220117
1,7,11446.0,5.0,200.0,120000.0,120110.19412063209
1,3,26000.0,8.0,125.0,35000.0,19186.283826845145
1,3,70000.0,11.0,223.0,43000.0,61217.60852391804
1,11,1884.0,5.0,250.0,220000.0,197855.25752284355
1,1,14000.0,4.0,100.0,33000.0,-6480.650680811428
1,2,9788.0,5.0,350.0,140000.0,140561.81815136934
2,4,16025.0,9.0,250.0,76000.0,88814.16998995618
1,5,56113.0,11.0,150.0,16500.0,46785.01267822759
1,5,14526.0,10.0,150.0,40000.0,52382.06161573806
1,2,6800.0,3.0,350.0,142000.0,146832.9326954487
1,3,20904.0,6.0,100.0,37500.0,11845.954225560585
1,2,8942.0,7.0,350.0,100000.0,134526.09030934313
1,10,5000.0,6.0,650.0,420000.0,402054.86972398707
1,7,9800.0,6.0,390.0,135000.0,221597.9810337699
1,3,21664.0,6.0,100.0,33000.0,11799.29436808527
2,1,35000.0,5.0,150.0,35000.0,7603.877498734306
1,1,12000.0,4.0,400.0,114000.0,158532.5046815108
2,2,13800.0,7.0,350.0,83000.0,125163.75540859876
2,3,19000.0,5.0,100.0,31000.0,5942.603082618974
1,5,13000.0,7.0,150.0,39000.0,61607.25114409778
2,1,40000.0,5.0,200.0,80000.0,34778.63246280333
2,2,25000.0,9.0,350.0,81300.0,118388.4688255888
1,2,13000.0,6.0,350.0,109000.0,137320.78504361573
1,7,12000.0,6.0,200.0,120000.0,117032.34772494347
1,1,80828.0,11.0,150.0,19000.0,-4408.634619055461
1,3,15148.0,3.0,100.0,42000.0,21330.842697500033
1,2,16505.0,5.0,350.0,107000.0,140149.43096365663
1,2,21496.0,9.0,350.0,72378.0,127667.67550656795
1,6,8500.0,4.0,200.0,75000.0,110915.82602549541
1,4,36849.0,10.0,110.0,17000.0,16607.09867023163
1,3,35655.0,6.0,100.0,26000.0,10940.323228694302
1,7,8900.0,5.0,390.0,185000.0,224697.06994351966
1,1,13146.0,3.0,125.0,35000.0,10356.477934978648
1,2,24700.0,8.0,500.0,75000.0,212959.98431780247
1,2,29000.0,5.0,350.0,102500.0,139382.30607003282
1,6,12216.0,4.0,100.0,26000.0,55724.228459026504
1,6,33000.0,11.0,160.0,22500.0,66119.44069131829
1,1,22540.0,5.0,150.0,38700.0,17432.933763330453
1,1,6457.0,4.0,220.0,60000.0,59938.59491011225
1,6,24000.0,7.0,110.0,26000.0,51365.59918597208
2,2,18000.0,7.0,350.0,99000.0,124905.89830149834
1,3,19682.0,10.0,100.0,25000.0,-254.35689666737744
1,2,17580.0,8.0,350.0,85000.0,130951.9303770355
1,4,13443.0,3.0,125.0,55000.0,47595.454512155426
1,2,11738.0,4.0,350.0,100000.0,143485.9325955867
1,4,26500.0,9.0,250.0,68100.0,97235.14226613608
1,5,8800.0,3.0,150.0,65000.0,74040.44351268253
1,6,19500.0,5.0,180.0,70000.0,96203.96108347159
2,3,30000.0,10.0,100.0,21700.0,-9951.906036642307
1,2,10200.0,5.0,350.0,125000.0,140536.52359705378
2,5,17243.0,4.0,250.0,75000.0,116377.63075852637
1,2,8000.0,4.0,350.0,116100.0,143715.42542090605
1,8,610.0,3.0,150.0,90000.0,111800.4756298501
1,2,21820.0,6.0,350.0,85000.0,136779.28511870484
2,1,44696.0,8.0,200.0,42273.0,25358.822213132094
1,13,21000.0,6.0,300.0,210000.0,245957.6737190347
1,2,3500.0,3.0,350.0,130000.0,147035.53470817045
1,5,6168.0,5.0,150.0,41000.0,68114.3663357233
2,2,66650.0,9.0,350.0,58000.0,115831.38584684291
1,1,21000.0,4.0,135.0,45400.0,12326.79687145321
1,7,22088.0,8.0,200.0,75000.0,110325.3318807658
1,1,45000.0,12.0,150.0,21000.0,-5252.824521761293
1,3,27110.0,7.0,100.0,27167.0,8421.105837173971
1,3,40000.0,9.0,100.0,34000.0,1542.0624658307352
1,1,43596.0,11.0,150.0,12000.0,-2122.7927591594926
1,2,22840.0,11.0,350.0,65000.0,121497.49360155365
1,13,23000.0,5.0,250.0,165000.0,221396.9907251693
1,1,28750.0,4.0,125.0,45000.0,6354.643572180175
1,5,15500.0,5.0,150.0,60000.0,67541.43240156588
1,3,38000.0,25.0,100.0,23000.0,-47036.489481487304
1,1,12000.0,4.0,400.0,119500.0,158532.5046815108
1,2,14000.0,4.0,500.0,160000.0,225792.24125689978
1,2,5600.0,4.0,350.0,133000.0,143862.77233924915
2,2,13869.0,5.0,350.0,100000.0,131247.18681543856
1,7,9000.0,3.0,200.0,174600.0,126348.0328189856
1,2,24667.0,6.0,500.0,115000.0,219049.67796867184
1,1,6000.0,8.0,220.0,49000.0,47791.316957662435
1,1,27000.0,18.0,150.0,15000.0,-22410.72552641452
1,7,24000.0,7.0,390.0,120000.0,217682.34461820213
1,5,16800.0,4.0,150.0,72300.0,70505.45330283446
1,1,15235.0,5.0,150.0,60000.0,17881.420946037266
1,12,45000.0,2.0,110.0,28000.0,139809.90424396883
1,5,7018.0,4.0,150.0,80000.0,71106.01478418121
2,1,23662.0,7.0,200.0,50000.0,29694.028978681832
1,2,41000.0,6.0,350.0,90047.0,135601.73766294622
1,1,36000.0,4.0,400.0,110000.0,157059.0354980798
1,5,21700.0,6.0,125.0,31900.0,50376.088525166546
1,9,11000.0,3.0,1200.0,865000.0,700697.9384382574
1,2,6153.0,5.0,350.0,155000.0,140784.98733810987
1,3,17330.0,6.0,149.0,56000.0,38997.471501198
1,3,22365.0,10.0,100.0,27500.0,-419.0784724651021
1,6,12152.0,11.0,150.0,23000.0,61903.04871320193
1,4,13000.0,7.0,125.0,35000.0,35447.31703601527
1,1,13240.0,9.0,150.0,36000.0,5828.567810425651
1,6,41657.0,8.0,160.0,40000.0,74719.4495240581
1,7,13000.0,4.0,200.0,110000.0,123058.62080637603
1,1,15580.0,7.0,100.0,18000.0,-15709.155514833881
1,4,35000.0,7.0,125.0,32000.0,34096.636951203516
1,8,15000.0,4.0,150.0,60000.0,107873.17424991353
1,2,20000.0,8.0,500.0,111300.0,213248.5386995577
1,2,34000.0,6.0,500.0,120000.0,218476.6826399651
1,7,930.0,3.0,250.0,198599.0,154325.2145425314
1,1,6500.0,4.0,160.0,80000.0,26957.881691751347
1,5,25108.0,11.0,150.0,35000.0,48688.55067957252
1,1,107000.0,16.0,100.0,10600.0,-48716.34955105955
1,2,1800.0,2.0,350.0,150000.0,150183.7392573679
1,1,5026.0,5.0,200.0,90000.0,45989.92561055638
1,2,48898.0,7.0,500.0,80000.0,214518.19282897923
1,3,10000.0,7.0,100.0,33000.0,9471.56657586166
1,6,35000.0,12.0,110.0,14500.0,35471.09006671079
1,5,32000.0,7.0,150.0,44000.0,60440.7547072149
1,3,18563.0,14.0,150.0,15000.0,15120.736053142944
1,4,22057.0,5.0,125.0,37000.0,40978.934233660155
2,3,68000.0,7.0,223.0,55786.0,64451.65270382339
1,1,38717.0,5.0,150.0,35000.0,16439.754139148645
1,3,46019.0,9.0,150.0,21000.0,28654.25638415327
1,1,11047.0,3.0,100.0,38000.0,-3255.5187613290254
1,9,10000.0,5.0,750.0,421000.0,447336.11596127047
1,1,30000.0,9.0,150.0,24200.0,4799.595163996331
1,4,23467.0,3.0,110.0,47000.0,38735.517236690604
1,8,481.0,3.0,150.0,76000.0,111808.39552671106
1,1,18002.0,15.0,150.0,16000.0,-12726.795925613267
1,2,27370.0,6.0,350.0,130000.0,136438.54537003645
2,2,20069.0,6.0,350.0,95000.0,127822.7067943478
1,3,6000.0,5.0,150.0,52000.0,43286.54011445948
1,3,17989.0,11.0,100.0,18000.0,-3194.249740057261
1,4,27000.0,8.0,150.0,39999.0,45284.82338561803
1,3,5792.0,8.0,125.0,20000.0,20426.944879294053
1,1,9200.0,4.0,150.0,50000.0,21295.770866491934
1,10,6000.0,7.0,650.0,425000.0,398949.64135930635
1,7,1100.0,4.0,390.0,230000.0,228219.78124350577
1,3,11211.0,4.0,100.0,35000.0,18528.71922276095
1,6,9000.0,4.0,110.0,31000.0,61418.0188717297
1,5,28000.0,7.0,150.0,50000.0,60686.332904453404
1,1,23885.0,3.0,220.0,76000.0,61912.4445201152
1,2,36587.0,6.0,350.0,90000.0,135872.6718090496
1,1,35000.0,5.0,220.0,65000.0,55142.37647379654
1,17,1255.0,2.0,295.0,200000.0,306273.3525966715
1,1,7000.0,3.0,400.0,150800.0,161883.31124343
1,1,800.0,3.0,400.0,140000.0,162263.9574491497
1,2,19033.0,5.0,350.0,98000.0,139994.2255430019
1,3,15948.0,4.0,100.0,32000.0,18237.89324268124
1,1,45000.0,10.0,150.0,25000.0,834.8431089808728
1,3,24121.0,10.0,100.0,23000.0,-526.8873010528041
1,3,8000.0,14.0,223.0,20400.0,55892.56913500157
2,4,25000.0,10.0,125.0,19200.0,16515.000817988315
1,1,20000.0,6.0,150.0,53000.0,14545.042103205822
1,4,13500.0,4.0,160.0,70000.0,63785.330604905714
1,2,7000.0,2.0,410.0,177982.0,182842.56085369847
1,3,55141.0,10.0,223.0,28000.0,65173.70394748084
1,2,35000.0,6.0,350.0,103000.0,135970.10495880398
1,7,12500.0,4.0,250.0,150000.0,150571.04579164798
1,8,21000.0,8.0,1300.0,950000.0,727409.2090367661
1,9,28000.0,5.0,883.0,573300.0,519332.4097839389
1,5,1500.0,2.0,150.0,125000.0,77532.45753801388
1,4,10637.0,3.0,110.0,40000.0,39523.2093043331
1,6,22000.0,10.0,160.0,26500.0,69838.61454909525
1,1,3360.0,3.0,100.0,41800.0,-2783.578860785936
1,10,25000.0,4.0,1000.0,901000.0,599286.7403428569
1,2,1189.0,2.0,350.0,160000.0,150221.25132699608
1,1,26500.0,8.0,100.0,30000.0,-19423.41780866607
1,8,5493.0,2.0,150.0,95000.0,114544.51986094231
2,5,27481.0,7.0,150.0,66400.0,51654.1164953469
1,7,14500.0,4.0,390.0,170000.0,227397.0942827568
1,1,4615.0,3.0,200.0,115000.0,52102.8264010648
1,2,5800.0,5.0,350.0,136000.0,140806.65961401613
1,3,21145.0,4.0,100.0,42000.0,17918.82576991913
1,1,26885.0,5.0,150.0,39000.0,17166.17444658013
1,5,285.0,3.0,1000.0,700000.0,541752.5891805456
3,2,4572.0,17.0,350.0,55000.0,86227.88597571895
1,6,18677.0,6.0,100.0,33000.0,49239.89064519487
1,5,16000.0,7.0,150.0,45000.0,61423.06749616891
1,3,40688.0,5.0,100.0,25000.0,13675.158277390037
1,1,19385.0,6.0,100.0,22000.0,-12898.927959585926
1,4,43000.0,12.0,150.0,20000.0,32127.17533517971
1,1,23890.0,7.0,150.0,53000.0,11262.3834910203
1,2,12542.0,5.0,350.0,102000.0,140392.73756257066
1,2,33500.0,5.0,350.0,100000.0,139106.0305981395
1,1,74000.0,9.0,100.0,20400.0,-25383.49271624435
1,3,24634.0,11.0,100.0,21500.0,-3602.216520219721
1,5,15000.0,5.0,150.0,60000.0,67572.12967622069
1,3,11921.0,3.0,150.0,75000.0,49010.69061873936
1,2,16500.0,5.0,350.0,110000.0,140149.73793640314
1,7,6500.0,5.0,200.0,160000.0,120413.8515615175
1,12,17564.0,2.0,300.0,149292.0,245924.89039917296
1,5,45.0,3.0,150.0,77500.0,74577.95279188831
1,7,29000.0,6.0,200.0,130000.0,115988.64038667984
1,1,22840.0,5.0,150.0,38000.0,17414.515398537565
1,8,750.0,3.0,150.0,92000.0,111791.88039294675
1,3,20000.0,9.0,100.0,24000.0,2769.953452023241
1,3,60000.0,10.0,125.0,20000.0,11011.201519575727
1,4,15000.0,4.0,110.0,45000.0,36211.51107032412
1,3,11565.0,9.0,223.0,23000.0,70892.86664356815
1,1,4633.0,4.0,400.0,106080.0,158984.7983262748
1,1,5300.0,5.0,200.0,112500.0,45973.103504045546
1,2,4411.0,2.0,350.0,169000.0,150023.43808912043
1,2,3688.0,2.0,350.0,130000.0,150067.82634827134
1,8,9000.0,3.0,150.0,70000.0,111285.37536114237
1,7,19696.0,5.0,200.0,106200.0,119603.68908882768
1,7,2730.0,2.0,390.0,250000.0,234207.37575887324
2,4,38400.0,7.0,250.0,62800.0,93528.13457989549
1,10,6000.0,4.0,650.0,525000.0,408081.14280541963
2,1,6500.0,7.0,125.0,25000.0,-10474.909331992123
1,1,21000.0,7.0,220.0,48000.0,49914.232533389135
1,4,81900.0,16.0,150.0,12000.0,17563.592105550968
2,5,40958.0,10.0,150.0,55000.0,41695.200708187826
1,1,10850.0,4.0,135.0,38000.0,12949.951546945907
3,14,7800.0,5.0,675.0,599999.0,450215.783307299
1,1,9200.0,5.0,150.0,65800.0,18251.937051120854
1,3,71000.0,9.0,223.0,57500.0,67243.88160535057
1,6,6400.0,4.0,180.0,78000.0,100052.06349479874
1,3,15000.0,5.0,100.0,45000.0,15252.261460055699
1,6,8527.0,4.0,200.0,84000.0,110914.16837266403
1,1,21448.0,8.0,100.0,22000.0,-19113.25254555384
1,6,20000.0,4.0,200.0,70000.0,110209.78870843472
1,1,26429.0,4.0,400.0,106000.0,157646.6427295222
1,2,10000.0,6.0,500.0,150000.0,219950.1518233961
1,1,36451.0,9.0,125.0,24500.0,-9337.324928908653
1,1,15000.0,3.0,100.0,41500.0,-3498.211414749974
2,6,49730.0,11.0,100.0,8000.0,23050.15644842945
1,1,17529.0,8.0,220.0,32000.0,47083.499198671765
1,1,21163.0,5.0,125.0,25000.0,3776.610202421216
3,1,80000.0,15.0,150.0,7000.0,-34661.29555410785
1,3,5900.0,3.0,200.0,98000.0,76862.07491074977
1,6,8000.0,5.0,110.0,35000.0,58435.579605668245
1,4,27083.0,7.0,150.0,49800.0,48323.56145339641
1,1,477976.0,14.0,135.0,13500.0,-46167.376847572916
1,3,14892.0,4.0,100.0,50000.0,18302.725886752203
1,5,25000.0,10.0,150.0,21200.0,51739.01510626904
1,10,383.0,3.0,650.0,300000.0,411469.82980426284
1,12,35000.0,5.0,300.0,124900.0,235722.9135912971
1,4,8740.0,6.0,150.0,90000.0,52493.55548675395
1,3,608.0,2.0,110.0,48672.0,30763.69880195649
1,5,10500.0,9.0,125.0,25000.0,41932.2060313211
1,2,14307.0,5.0,500.0,145000.0,222729.55931489065
1,1,18999.0,11.0,100.0,12000.0,-28094.39874040781
1,4,25000.0,7.0,250.0,80000.0,103414.90172084268
1,6,11068.0,3.0,200.0,58742.0,113801.99863823935
1,2,18000.0,8.0,500.0,95000.0,213371.32779817696
1,3,23690.0,8.0,100.0,28000.0,5587.241380441803
1,5,17000.0,5.0,150.0,68000.0,67449.34057760144
1,3,49660.0,12.0,100.0,18600.0,-8182.510326613483
1,2,15000.0,5.0,500.0,130000.0,222687.01289221906
1,6,36000.0,10.0,100.0,19000.0,36001.0176060199
1,4,15000.0,5.0,150.0,89200.0,55153.059423446786
1,6,16646.0,3.0,200.0,98000.0,113459.53984219026
1,2,29094.0,9.0,350.0,75000.0,127201.19972091341
1,2,41036.0,6.0,500.0,70440.0,218044.71059102257
1,2,52904.0,14.0,350.0,48000.0,110520.22642499582
1,5,27000.0,4.0,150.0,56950.0,69879.22889987628
1,7,6000.0,2.0,125.0,140000.0,88353.45871635979
1,6,7000.0,2.0,160.0,85000.0,95110.20331170828
1,1,31000.0,8.0,125.0,26900.0,-5958.829425250806
2,2,21540.0,10.0,350.0,83800.0,115557.06015082901
1,2,16796.0,3.0,500.0,175000.0,228664.41591240116
1,6,5432.0,2.0,310.0,220000.0,177651.65309687727
1,1,15000.0,4.0,150.0,49000.0,20939.682480496107
1,6,39888.0,12.0,110.0,15000.0,35170.993509685344
1,3,11197.0,3.0,100.0,35000.0,21573.412561822362
1,1,37230.0,12.0,100.0,18000.0,-32257.516584242672
1,3,16681.0,10.0,100.0,21000.0,-70.11185418919194
1,1,29189.0,4.0,135.0,29000.0,11824.03690715669
1,1,21311.0,18.0,100.0,11000.0,-49543.17964600923
1,1,20644.0,5.0,150.0,44000.0,17549.337828821503
1,4,24200.0,6.0,160.0,48900.0,57040.741296550565
1,4,35866.0,5.0,160.0,45000.0,59368.34629967557
1,1,21585.0,6.0,150.0,30000.0,14447.731742550066
1,1,6000.0,10.0,220.0,66000.0,41703.64932692028
1,1,39000.0,11.0,125.0,23000.0,-15581.487265841046
1,7,8790.0,4.0,250.0,155000.0,150798.81956958672
1,1,32734.0,6.0,220.0,55000.0,52237.66270716107
1,3,32300.0,7.0,150.0,42000.0,35584.195836874176
1,2,50143.0,14.0,500.0,85000.0,193134.9199074912
1,1,52340.0,10.0,220.0,35000.0,38858.62591191224
1,9,13000.0,4.0,1200.0,780000.0,697531.3155242671
1,2,36000.0,4.0,350.0,125000.0,141996.37804023654
1,12,21548.0,5.0,300.0,100000.0,236548.79306861013
1,2,4779.0,11.0,350.0,55000.0,122606.34055663478
1,7,32267.0,5.0,390.0,150000.0,223262.4635098016
1,4,25533.0,5.0,160.0,65000.0,60002.73617769191
1,3,16217.0,5.0,100.0,30000.0,15177.54429354587
1,11,19000.0,7.0,250.0,145000.0,190716.7607861178
2,6,38311.0,4.0,180.0,47500.0,89028.82185158109
1,2,9500.0,6.0,350.0,120000.0,137535.66596619942
1,2,9000.0,4.0,350.0,110000.0,143654.03087159642
1,4,46000.0,11.0,125.0,35000.0,21245.96164731332
1,3,18821.0,10.0,100.0,20000.0,-201.49618971179007
1,6,49730.0,11.0,100.0,8100.0,32114.236628627667
1,3,10883.0,3.0,100.0,46000.0,21592.690450305585
1,4,15000.0,7.0,250.0,85000.0,104028.84721393893
1,6,8811.0,3.0,200.0,85000.0,113940.5661360312
1,1,40328.0,8.0,125.0,22000.0,-6531.5177812109905
1,6,23182.0,7.0,100.0,22000.0,45919.47438518393
1,2,8253.0,4.0,350.0,119000.0,143699.8925999307
1,1,26850.0,12.0,150.0,16500.0,-4138.513451791594
1,7,8000.0,3.0,200.0,130000.0,126409.42736829522
1,5,7000.0,2.0,150.0,125100.0,77194.78751681095
1,3,20100.0,10.0,100.0,24000.0,-280.0198182788008
1,3,27000.0,16.0,100.0,16000.0,-18966.645100741698
1,3,9600.0,3.0,110.0,55555.0,27167.80519919326
1,2,14290.0,5.0,410.0,120000.0,173263.49314311804
1,1,47000.0,10.0,150.0,35000.0,712.0540103616222
1,4,25000.0,7.0,125.0,25600.0,34710.58244429977
1,1,23000.0,5.0,150.0,70600.0,17404.692270648025
1,5,10589.0,11.0,150.0,33000.0,49579.93814099897
1,7,15000.0,4.0,200.0,128000.0,122935.83170775678
1,2,9000.0,3.0,350.0,135000.0,146697.8646869675
1,3,46700.0,10.0,150.0,30000.0,25568.612880702334
3,3,70403.0,15.0,100.0,12500.0,-36715.67926945272
1,2,14640.0,5.0,350.0,117000.0,140263.93179811904
1,2,7299.0,4.0,350.0,160000.0,143758.4629999721
1,11,15000.0,7.0,250.0,211300.0,190962.3389833563
1,1,47042.0,5.0,220.0,55000.0,54403.06331101003
1,6,3000.0,2.0,160.0,89000.0,95355.78150894678
1,7,4500.0,3.0,390.0,215000.0,231054.87359122414
1,1,9304.0,4.0,200.0,110000.0,48771.113543980886
2,1,18302.0,4.0,220.0,70000.0,50147.29629334154
1,1,36065.0,5.0,200.0,49000.0,44084.300194534924
1,3,9164.0,3.0,100.0,42000.0,21698.22768056883
1,4,40266.0,11.0,125.0,18000.0,21597.997993054712
1,1,26476.0,5.0,150.0,34500.0,17191.284817247768
1,8,29000.0,4.0,150.0,55000.0,107013.65055957877
1,5,33000.0,9.0,150.0,45000.0,54291.69252716312
1,1,23560.0,9.0,100.0,23000.0,-22286.75164906685
1,1,15000.0,4.0,150.0,44000.0,20939.682480496107
2,4,8500.0,5.0,125.0,36000.0,32747.179958452543
1,1,45335.0,7.0,100.0,24000.0,-17535.95032954178
1,3,37000.0,6.0,100.0,37000.0,10857.747559872856
2,1,34060.0,11.0,180.0,28000.0,5887.622109229167
2,1,26000.0,9.0,150.0,29000.0,-4018.9068189633836
1,6,14497.0,5.0,200.0,68000.0,107503.8090979145
1,7,5000.0,6.0,200.0,108000.0,117462.10957011084
1,2,6096.0,5.0,500.0,115000.0,223233.66995927197
1,9,3500.0,8.0,883.0,453700.0,511705.07479591144
1,1,43000.0,15.0,150.0,10414.0,-14261.53686925528
1,1,3000.0,3.0,110.0,41500.0,2734.8687190889614
1,1,53085.0,9.0,100.0,22000.0,-24099.425717433536
1,1,56482.0,8.0,150.0,32500.0,6217.578524549914
2,5,28000.0,12.0,150.0,18000.0,36403.08364739979
1,3,57000.0,16.0,223.0,18000.0,46796.56858808776
1,5,36000.0,9.0,150.0,47000.0,54107.50887923424
1,1,31500.0,5.0,220.0,47000.0,55357.25739638023
1,4,20776.0,7.0,125.0,28000.0,34969.913020583626
1,1,17000.0,5.0,150.0,69000.0,17773.059566505777
1,1,6900.0,4.0,400.0,140000.0,158845.61688298988
1,8,59835.0,6.0,150.0,35000.0,99032.8820008743
1,2,17500.0,4.0,350.0,130000.0,143132.1772024646
1,4,18000.0,4.0,110.0,47600.0,36027.32742239525
1,2,26000.0,7.0,350.0,115000.0,133478.82208721957
1,5,32702.0,9.0,150.0,42000.0,54309.98810285739
1,3,4669.0,4.0,110.0,51000.0,24426.707906467942
1,3,26434.0,5.0,100.0,42000.0,14550.276183249443
1,3,22049.0,4.0,125.0,43000.0,31604.18895265179
1,2,3467.0,6.0,350.0,132000.0,137906.0592821844
1,8,31336.0,9.0,150.0,27000.0,91651.06381553608
1,6,23244.0,5.0,110.0,24000.0,57499.68109599232
1,4,30000.0,9.0,150.0,60000.0,42056.805922318075
1,5,17800.0,4.0,150.0,72000.0,70444.05875352483
1,14,25536.0,7.0,865.0,550000.0,565597.947610743
1,1,15059.0,3.0,100.0,30000.0,-3501.833693159242
1,3,3200.0,4.0,100.0,52000.0,19020.550957280342
1,10,7500.0,5.0,650.0,330000.0,404945.2171660841
1,8,10121.0,6.0,150.0,60000.0,102085.05062525302
1,1,21000.0,10.0,150.0,35000.0,2308.3122924118798
1,2,15000.0,3.0,350.0,150000.0,146329.49739110976
1,2,900.0,4.0,500.0,150000.0,226596.50985285587
1,3,24010.0,12.0,100.0,25000.0,-6607.740136821594
1,5,6900.0,2.0,150.0,105000.0,77200.92697174191
1,6,32849.0,18.0,110.0,17500.0,17340.14685004932
2,2,13000.0,10.0,350.0,73000.0,116081.36960193321
1,3,35038.0,7.0,223.0,45000.0,75539.42001836548
1,1,51000.0,4.0,160.0,48000.0,24225.82424747302
1,5,40718.0,7.0,150.0,45000.0,59905.51702633359
1,3,67731.0,10.0,100.0,16500.0,-3204.303596445563
1,6,10000.0,5.0,100.0,24000.0,52816.44496492557
1,5,9964.0,5.0,150.0,80000.0,67881.31262654396
1,4,15492.0,2.0,110.0,53214.0,42268.972582805945
1,3,65718.0,4.0,110.0,50000.0,20678.632065664628
1,2,20000.0,7.0,350.0,99500.0,133847.18938307732
1,1,4000.0,3.0,200.0,120000.0,52140.58404889023
1,3,10009.0,7.0,125.0,23000.0,23211.877880226442
1,5,11787.0,5.0,150.0,75000.0,67769.39036315253
1,1,12000.0,5.0,150.0,36800.0,18080.032313053904
1,2,46000.0,7.0,350.0,100000.0,132250.93110102706
1,1,16206.0,9.0,125.0,19000.0,-8094.3922781352885
1,3,25000.0,19.0,150.0,20000.0,-493.6297376185248
1,1,26000.0,7.0,150.0,65000.0,11132.840991976991
1,1,17870.0,7.0,100.0,25000.0,-15849.749032752923
1,5,5600.0,4.0,150.0,54000.0,71193.07225510226
1,1,18007.0,5.0,220.0,57000.0,56185.654050215
1,2,6465.0,9.0,350.0,90000.0,128590.49697724091
1,4,21952.0,3.0,150.0,59000.0,60813.91214738843
1,11,2400.0,5.0,650.0,400000.0,417677.39962033706
1,2,17000.0,7.0,350.0,90000.0,134031.3730310062
1,1,6300.0,4.0,100.0,24000.0,-6007.912651127313
1,1,18500.0,5.0,150.0,62000.0,17680.96774254134
2,2,32000.0,63.0,350.0,70000.0,-46408.31904961694
1,4,24936.0,10.0,125.0,30000.0,25583.010249342347
1,1,21000.0,7.0,220.0,60000.0,49914.232533389135
1,1,4000.0,4.0,150.0,60000.0,21615.022522901985
2,3,40000.0,16.0,100.0,17000.0,-28828.854421965043
1,2,10444.0,6.0,350.0,80000.0,137477.70951165113
1,1,12966.0,3.0,200.0,79000.0,51590.12051978013
1,1,34859.0,3.0,100.0,32000.0,-4717.445769489823
1,5,5700.0,4.0,150.0,77000.0,71186.9328001713
1,3,45330.0,14.0,100.0,20100.0,-14004.339558844964
2,5,5020.0,4.0,150.0,54000.0,62164.60091350363
1,1,56000.0,10.0,150.0,18600.0,159.5030665749946
1,1,22222.0,7.0,220.0,45000.0,49839.20839413277
1,3,2307.0,3.0,200.0,90000.0,77082.66552641925
1,6,21288.0,10.0,160.0,30000.0,69882.3274682037
1,5,25000.0,6.0,150.0,42000.0,63914.35036775337
1,1,26320.0,5.0,220.0,56000.0,55675.28116180409
1,4,56423.0,8.0,125.0,31500.0,29737.547705972334
1,3,3607.0,4.0,125.0,55000.0,32736.4272310199
1,6,42175.0,8.0,160.0,30000.0,74687.64714751572
1,12,37827.0,6.0,110.0,25500.0,128074.95208468246
1,2,19500.0,5.0,350.0,113900.0,139965.55428847426
1,1,45000.0,7.0,150.0,19000.0,9966.34455509411
1,1,18000.0,6.0,150.0,35000.0,14667.831201825073
1,6,2980.0,6.0,160.0,36000.0,83181.67413844865
2,8,24259.0,5.0,150.0,37000.0,95196.80812228641
1,7,14000.0,5.0,200.0,118000.0,119953.39244169531
1,3,13451.0,3.0,100.0,45000.0,21435.029247678467
2,1,42000.0,14.0,135.0,20000.0,-28464.906997957944
1,7,2400.0,4.0,390.0,225000.0,228139.96832940326
1,2,26000.0,6.0,350.0,89700.0,136522.6559025906
1,13,2900.0,4.0,1130.0,785000.0,709353.262688526
1,1,200.0,3.0,100.0,50000.0,-2589.57208496752
1,5,172082.0,9.0,150.0,25000.0,45752.815820081814
1,1,84644.0,10.0,125.0,25000.0,-15339.946259158503
1,4,44020.0,7.0,150.0,33000.0,47283.72197173929
1,3,3000.0,5.0,100.0,35242.0,15988.996051771202
1,1,20127.0,4.0,150.0,29156.0,20624.912626185658
1,6,18813.0,7.0,100.0,30000.0,46187.70717111767
1,1,81000.0,17.0,150.0,6700.0,-22682.197373763207
1,2,21000.0,6.0,350.0,105000.0,136829.62864913873
1,3,12645.0,3.0,100.0,45000.0,21484.513254422025
1,2,3600.0,5.0,410.0,157500.0,173919.8008752379
1,2,49000.0,13.0,350.0,85000.0,113803.7445608717
2,5,31085.0,8.0,150.0,23000.0,48389.016724263915
3,7,18580.0,6.0,390.0,125000.0,202930.7765304349
1,1,40700.0,5.0,220.0,50900.0,54792.427542731675
2,2,55.0,15.0,350.0,99999.0,101656.95296589092
2,4,22650.0,6.0,150.0,71800.0,42575.47712565884
1,2,7000.0,3.0,350.0,143000.0,146820.65378558676
1,8,20000.0,5.0,150.0,58690.0,104522.36768799431
1,3,29407.0,11.0,100.0,24500.0,-3895.2527040745626
1,8,16000.0,6.0,150.0,40000.0,101724.11206986172
1,2,5000.0,6.0,500.0,131700.0,220257.12456994422
1,1,31942.0,6.0,150.0,41000.0,13811.868395350277
1,3,33548.0,10.0,125.0,31000.0,12635.210137913935
1,3,41905.0,7.0,100.0,32000.0,7512.773480138065
2,1,41585.0,9.0,100.0,32000.0,-32457.46858057106
1,2,50000.0,5.0,500.0,130000.0,220538.20366638218
1,1,53999.0,11.0,180.0,27999.0,13727.556370742765
1,1,17962.0,5.0,220.0,60000.0,56188.416804933935
1,3,17799.0,6.0,110.0,25000.0,17532.929843290403
1,8,10575.0,4.0,150.0,78000.0,108144.84513060864
2,6,35408.0,14.0,160.0,18000.0,47776.02099026926
1,3,15823.0,5.0,100.0,30100.0,15201.733745973863
1,3,20925.0,9.0,100.0,32000.0,2713.1634939118376
1,4,13000.0,4.0,160.0,67300.0,63816.027879560526
1,1,15000.0,5.0,125.0,37800.0,4154.984809816437
1,2,40000.0,6.0,350.0,80000.0,135663.13221225585
1,11,1487.0,6.0,650.0,307194.0,414689.6190284857
1,1,5000.0,5.0,150.0,39000.0,18509.79415822128
1,5,2000.0,4.0,150.0,115700.0,71414.09263261691
1,1,67714.0,7.0,125.0,18000.0,-5169.035093233309
1,7,17500.0,4.0,250.0,150000.0,150264.07304509985
1,1,8600.0,4.0,220.0,75000.0,59807.026390941726
2,1,19631.0,4.0,400.0,140000.0,148999.9226955308
1,6,34688.0,13.0,160.0,21000.0,59928.139061341484
1,2,2701.0,4.0,500.0,120000.0,226485.93826954922
1,7,13000.0,5.0,200.0,75000.0,120014.78699100493
1,5,17000.0,4.0,150.0,105900.0,70493.17439297253
1,1,32000.0,7.0,220.0,26333.0,49238.89249098326
1,2,9000.0,5.0,350.0,90000.0,140610.19705622533
1,7,22000.0,5.0,200.0,126999.0,119462.2360472183
1,1,9799.0,4.0,220.0,70000.0,59733.414326319486
1,2,27623.0,5.0,350.0,104000.0,139466.8463644322
1,4,27598.0,8.0,110.0,30000.0,23262.727276637146
1,1,33520.0,16.0,150.0,10000.0,-16723.35035717112
1,2,4000.0,5.0,500.0,150000.0,223362.35293462494
1,2,21000.0,8.0,350.0,95000.0,130741.96101839659
1,6,13673.0,7.0,110.0,18000.0,51999.62069669258
1,2,8000.0,4.0,350.0,133000.0,143715.42542090605
2,5,40000.0,9.0,150.0,22500.0,44797.850501797526
1,2,11500.0,5.0,500.0,169999.0,222901.89381480275
1,1,27000.0,6.0,150.0,33000.0,14115.280258038445
1,2,37915.0,6.0,350.0,90595.0,135791.13984756643
1,6,19111.0,8.0,100.0,31599.0,43125.57778005232
1,1,15000.0,4.0,220.0,75000.0,59414.101275360124
1,5,27454.0,9.0,150.0,26000.0,54632.1866976343
1,7,3706.0,7.0,200.0,62240.0,114497.72030154643
2,7,8200.0,6.0,200.0,95000.0,108201.56683212183
1,7,5640.0,3.0,390.0,198000.0,230984.88380501117
1,2,7000.0,4.0,500.0,175000.0,226222.00310206716
1,1,7000.0,3.0,180.0,62000.0,40963.70931671448
1,1,39525.0,11.0,100.0,14800.0,-29354.58325953718
1,5,29500.0,6.0,150.0,83000.0,63638.07489586006
1,1,9000.0,6.0,200.0,99000.0,42702.10985622885
1,1,18000.0,5.0,150.0,35000.0,17711.665017196152
1,2,45000.0,18.0,350.0,80000.0,98830.15368125479
1,8,12000.0,3.0,150.0,90000.0,111101.1917132135
1,2,10409.0,4.0,500.0,125000.0,226012.70908347063
1,1,5000.0,3.0,200.0,87000.0,52079.18949958061
1,5,28000.0,7.0,150.0,57000.0,60686.332904453404
2,2,17000.0,8.0,350.0,80000.0,121923.45903543687
1,3,15500.0,11.0,100.0,24000.0,-3041.4387068256037
1,1,9900.0,4.0,200.0,84300.0,48734.52239259235
1,7,27800.0,6.0,200.0,95000.0,116062.31384585139
1,3,22113.0,18.0,100.0,25000.0,-24754.27756900772
1,3,68000.0,14.0,100.0,24000.0,-15396.15399169417
1,3,12500.0,4.0,125.0,38000.0,32190.445504009418
1,1,47043.0,5.0,220.0,49000.0,54403.00191646072
1,6,21205.0,6.0,160.0,45000.0,82062.75847728072
1,1,16674.0,4.0,150.0,50000.0,20836.908004951794
1,6,12077.0,5.0,200.0,68000.0,107652.3839072438
1,7,9500.0,6.0,200.0,135000.0,117185.83409821753
1,2,18300.0,7.0,350.0,120000.0,133951.56011690368
1,2,16693.0,5.0,350.0,78500.0,140137.88878838642
1,3,40000.0,6.0,150.0,40000.0,38155.291622561155
1,1,532.0,14.0,150.0,15000.0,-8610.399333803034
1,2,14704.0,6.0,350.0,85000.0,137216.16873159213
1,1,18000.0,8.0,150.0,34000.0,8580.163571082914
1,1,1342.0,4.0,200.0,125000.0,49259.93694558412
1,1,32342.0,9.0,220.0,35000.0,43130.22792437721
2,4,14000.0,4.0,250.0,120000.0,104157.66302916357
1,3,16271.0,5.0,100.0,32000.0,15174.22898788315
1,10,6000.0,7.0,650.0,299300.0,398949.64135930635
1,1,8321.0,12.0,150.0,16600.0,-3000.933847633547
1,3,19976.0,11.0,100.0,30000.0,-3316.2407095354865
1,3,65000.0,10.0,100.0,11000.0,-3036.6350822809763
1,1,80725.0,11.0,125.0,25000.0,-18143.17483578516
1,2,30000.0,10.0,350.0,75000.0,124101.7424438678
1,1,24635.0,5.0,150.0,35000.0,17304.312182526788
1,4,24021.0,5.0,125.0,30000.0,40858.35533881605
1,3,12000.0,9.0,100.0,27500.0,3261.1098465002433
1,6,23226.0,3.0,160.0,62000.0,91070.1815392392
1,1,23000.0,5.0,200.0,70000.0,44886.41998126518
1,1,5000.0,4.0,150.0,72500.0,21553.62797359236
2,1,54345.0,10.0,100.0,17500.0,-36284.69684513296
1,1,44667.0,8.0,125.0,32000.0,-6797.908730665455
1,3,17874.0,6.0,125.0,24500.0,25772.843565277333
1,1,8800.0,5.0,150.0,62000.0,18276.494870844705
1,1,25000.0,10.0,150.0,17000.0,2062.7340951733786
1,1,90000.0,5.0,100.0,32000.0,-14190.470243714037
1,1,35000.0,7.0,125.0,24000.0,-3160.5738071182277
2,4,15500.0,7.0,125.0,25000.0,26229.750482542993
1,7,7965.0,6.0,390.0,160000.0,221710.64003175305
1,2,29119.0,7.0,350.0,98000.0,133287.3324879228
1,3,22230.0,6.0,100.0,35000.0,11764.545053176022
2,2,13975.0,6.0,350.0,110000.0,128196.84517784066
1,6,52198.0,2.0,160.0,82000.0,92335.29247201183
1,3,40543.0,12.0,100.0,28000.0,-7622.776220557629
1,5,16000.0,4.0,150.0,90000.0,70554.56894228216
1,7,15000.0,4.0,200.0,120000.0,122935.83170775678
1,5,8000.0,3.0,150.0,66000.0,74089.55915213023
1,3,4411.0,3.0,100.0,56000.0,21990.03597343748
1,3,4130.0,5.0,100.0,23000.0,15919.620211051326
1,6,36000.0,5.0,100.0,28000.0,51220.18668287531
1,4,22000.0,11.0,110.0,21000.0,14474.912517559176
1,5,14200.0,13.0,1000.0,700000.0,510459.94587319146
1,1,6336.0,4.0,150.0,43000.0,21471.6048557147
2,1,17500.0,4.0,125.0,34000.0,-2018.7479282847562
1,3,4351.0,3.0,100.0,45000.0,21993.719646396057
1,3,9145.0,18.0,100.0,23000.0,-23958.1130535605
1,1,640.0,4.0,200.0,140000.0,49303.03591919948
1,1,21891.0,7.0,125.0,24500.0,-2355.75266021835
1,1,22000.0,11.0,100.0,19000.0,-28278.643782885996
1,1,58706.0,8.0,180.0,22000.0,22570.073673255596
2,1,41000.0,11.0,135.0,22999.0,-19272.011002535073
1,6,4069.0,4.0,110.0,37000.0,61720.75539437546
1,1,9177.0,5.0,150.0,36000.0,18253.349125754976
1,6,20019.0,7.0,110.0,23000.0,51610.0108867737
1,1,41939.0,8.0,200.0,48000.0,34592.16716577695
1,2,3400.0,10.0,500.0,66200.0,208180.0205873553
1,1,10805.0,4.0,400.0,148000.0,158605.87116793578
1,4,89000.0,5.0,160.0,55000.0,56106.20831665794
1,2,3334.0,3.0,500.0,170000.0,229490.9093352073
1,1,71303.0,6.0,220.0,41000.0,49869.73633483813
1,4,4000.0,5.0,110.0,40000.0,33843.01729735892
1,4,3100.0,7.0,150.0,48300.0,49795.986929489154
1,7,10880.0,4.0,390.0,175000.0,227619.34255125764
1,1,11000.0,4.0,400.0,150000.0,158593.89923082042
1,1,12486.0,5.0,150.0,52000.0,18050.194562089426
1,2,12000.0,6.0,500.0,105000.0,219827.36272477685
1,1,13400.0,6.0,200.0,108000.0,42431.9738392665
1,2,38000.0,14.0,500.0,150000.0,193880.43391975795
1,1,4000.0,3.0,220.0,72000.0,63133.27513313708
2,1,30000.0,7.0,150.0,31000.0,1823.1826145402738
1,6,23463.0,4.0,200.0,70000.0,109997.17938417547
1,2,40000.0,7.0,350.0,71300.0,132619.2983968848
1,1,30000.0,12.0,100.0,17300.0,-31813.63399273408
1,1,44410.0,10.0,125.0,27000.0,-12869.79796223504
1,3,80000.0,11.0,100.0,15000.0,-7001.387137296435
1,2,100000.0,14.0,350.0,60300.0,107628.78873070971
1,2,17000.0,5.0,350.0,100000.0,140119.04066174832
1,3,28000.0,8.0,100.0,25000.0,5322.630872917318
1,1,13000.0,5.0,220.0,55000.0,56493.056558608296
1,1,16000.0,6.0,200.0,75000.0,42272.34801106148
1,10,2467.0,2.0,300.0,266600.0,222013.62340455258
4,2,10825.0,4.0,350.0,141000.0,116349.7452785117
1,9,2200.0,7.0,750.0,360000.0,441727.32581514335
1,3,37000.0,13.0,100.0,14200.0,-10449.089147724706
1,1,39500.0,7.0,150.0,36000.0,10304.01457629705
1,1,2700.0,3.0,220.0,71000.0,63213.088047239595
1,3,1999.0,3.0,150.0,42000.0,49619.847336989464
1,3,4000.0,2.0,100.0,60000.0,25059.102948574815
1,2,2476.0,5.0,350.0,129200.0,141010.73509592132
1,6,6000.0,3.0,180.0,86000.0,103120.45512989369
1,3,32000.0,5.0,100.0,32000.0,14208.554121792069
1,5,50000.0,12.0,150.0,40000.0,44116.48374278625
1,1,22000.0,5.0,150.0,65000.0,17466.08681995765
1,5,27300.0,3.0,150.0,100000.0,72904.64435045446
1,2,36000.0,6.0,350.0,105000.0,135908.71040949435
1,2,5000.0,4.0,350.0,160000.0,143899.60906883492
1,16,4241.0,3.0,310.0,330000.0,298871.6427174731
1,3,10000.0,2.0,110.0,56500.0,30187.081194840488
1,5,11424.0,5.0,150.0,76000.0,67791.67658455191
1,1,10500.0,4.0,200.0,105000.0,48697.685663006574
1,1,8000.0,4.0,160.0,72000.0,26865.78986778691
1,1,24184.0,15.0,100.0,14800.0,-40588.06474006254
1,1,17000.0,4.0,200.0,111088.0,48298.62109249401
1,1,26840.0,9.0,150.0,34000.0,4993.601939814747
1,5,11060.0,4.0,250.0,92000.0,125821.31343710602
1,1,13000.0,5.0,150.0,48000.0,18018.63776374428
1,5,216000.0,8.0,150.0,65000.0,46100.32381887277
1,6,71474.0,12.0,150.0,10200.0,55217.16744368526
1,5,39000.0,8.0,150.0,29700.0,56967.15904667645
1,1,12500.0,8.0,220.0,37000.0,47392.25238714987
2,14,8000.0,5.0,1050.0,900000.0,665380.542407264
1,2,7193.0,4.0,350.0,110000.0,143764.9708221989
1,3,18276.0,3.0,125.0,54000.0,34879.6644025681
1,2,41211.0,7.0,350.0,97000.0,132544.9495976708
1,4,30000.0,4.0,160.0,60000.0,62772.3205412969
1,3,12457.0,3.0,110.0,39000.0,26992.40097181566
1,1,20000.0,5.0,200.0,88000.0,45070.603629194055
1,2,4828.0,4.0,500.0,129000.0,226355.35206316767
1,1,38425.0,8.0,125.0,25000.0,-6414.683953874774
1,4,40870.0,4.0,150.0,55000.0,56608.616248177845
1,10,6000.0,2.0,300.0,310000.0,221796.71646184166
2,2,13441.0,8.0,350.0,65000.0,122141.96223642984
1,1,9200.0,6.0,125.0,36000.0,1467.239380441184
1,3,29000.0,8.0,110.0,27100.0,10757.581865731132
1,6,7787.0,4.0,160.0,47000.0,88974.21817065943
1,4,12356.0,4.0,125.0,32702.0,44618.35657188391
3,3,40000.0,16.0,100.0,23000.0,-37892.93460216326
1,2,23090.0,5.0,350.0,100000.0,139745.14785645274
1,7,11466.0,4.0,200.0,180900.0,123152.80004501696
1,1,6177.0,3.0,400.0,160000.0,161933.83895751182
1,4,54105.0,9.0,110.0,21000.0,18591.50814271583
1,3,22654.0,13.0,100.0,24000.0,-9568.322943328822
1,5,32000.0,10.0,150.0,20500.0,51309.253261101665
1,6,17870.0,7.0,110.0,32000.0,51741.947773240085
1,4,8200.0,3.0,160.0,85000.0,67154.55553161782
1,3,18056.0,5.0,100.0,28500.0,15064.639717365484
1,1,3500.0,4.0,160.0,82000.0,27142.065339680223
1,6,4116.0,3.0,160.0,70000.0,92243.43137654614
1,1,21914.0,3.0,200.0,88000.0,51040.762092557605
1,2,15000.0,6.0,500.0,82000.0,219643.17907684797
1,3,37181.0,14.0,150.0,13000.0,13977.69233409634
1,6,45393.0,5.0,110.0,25000.0,56139.853223333426
1,4,27015.0,7.0,150.0,51300.0,48327.736282749465
1,6,16565.0,6.0,110.0,25000.0,54865.901475460225
1,5,12000.0,3.0,150.0,80000.0,73843.98095489173
1,4,57298.0,10.0,150.0,30000.0,37337.023699892845
2,3,22000.0,18.0,100.0,16000.0,-33811.42016513395
1,5,21533.0,8.0,150.0,20500.0,58039.53763946767
1,7,6537.0,4.0,200.0,140000.0,123455.41377856412
1,4,43000.0,6.0,150.0,65000.0,50390.178227406184
1,7,31000.0,6.0,200.0,90000.0,115865.85128806058
1,5,23000.0,4.0,150.0,57000.0,70124.80709711478
1,7,25500.0,5.0,390.0,139100.0,223677.92042497988
1,4,30112.0,11.0,125.0,18000.0,22221.398246744648
1,1,39000.0,6.0,200.0,90000.0,40860.273376940095
1,2,6200.0,4.0,350.0,106000.0,143825.93560966337
1,1,24614.0,10.0,100.0,25000.0,-25395.295319410277
1,7,27000.0,7.0,200.0,110000.0,113067.59566992799
1,2,38000.0,7.0,350.0,114000.0,132742.08749550406
1,2,17047.0,5.0,350.0,99000.0,140116.1551179308
1,3,12000.0,6.0,100.0,32000.0,12392.611292613488
1,4,37500.0,5.0,160.0,50400.0,59268.02760610364
1,1,4304.0,4.0,200.0,82000.0,49078.08629052901
1,1,26724.0,4.0,220.0,76000.0,58694.31157925408
1,2,13000.0,3.0,350.0,130000.0,146452.286489729
1,4,7658.0,4.0,125.0,54000.0,44906.78816454053
2,2,15000.0,5.0,500.0,87550.0,213622.93271202082
1,4,19687.0,10.0,125.0,18000.0,25905.27023866857
1,15,7000.0,4.0,1262.0,1500000.0,806491.4466979336
1,1,8150.0,5.0,150.0,52999.0,18316.40132789596
1,3,21326.0,7.0,100.0,30000.0,8776.211910380844
1,2,3300.0,4.0,350.0,135000.0,144003.97980266128
1,1,58000.0,9.0,150.0,23000.0,3080.5477833268233
1,1,35000.0,8.0,220.0,45000.0,46010.8750276833
1,2,12288.0,3.0,350.0,115000.0,146495.99940883747
1,2,17346.0,4.0,500.0,159700.0,225586.81509490975
1,1,9400.0,6.0,150.0,62000.0,15195.82432588785
2,2,42303.0,26.0,350.0,99999.0,65580.98407757598
1,2,2000.0,4.0,350.0,90000.0,144083.7927167638
2,2,17500.0,9.0,350.0,80162.0,118848.927945411
1,2,3000.0,3.0,350.0,145000.0,147066.23198282527
1,5,48000.0,5.0,150.0,65000.0,65546.10954900306
1,1,18346.0,2.0,110.0,43500.0,4836.541780754531
1,1,5095.0,5.0,150.0,41000.0,18503.961676036866
1,5,8000.0,4.0,150.0,50600.0,71045.72533675916
1,4,15600.0,8.0,250.0,95000.0,100948.17666898207
1,2,24500.0,5.0,500.0,110000.0,222103.76467377762
1,3,6843.0,4.0,100.0,42000.0,18796.89061414539
1,4,9396.0,3.0,125.0,42000.0,47843.918253211494
1,1,1210.0,3.0,150.0,52000.0,24830.147130846934
1,1,98581.0,9.0,150.0,19000.0,589.0955777929194
1,1,4000.0,5.0,100.0,34200.0,-8910.539003086262
1,4,46583.0,12.0,150.0,25000.0,31907.19866500332
1,3,3869.0,16.0,100.0,18000.0,-17546.527780660756
1,1,32791.0,12.0,100.0,16000.0,-31984.986179857246
1,3,25130.0,5.0,100.0,32000.0,14630.334675549195
1,2,12800.0,8.0,500.0,110000.0,213690.57945458702
1,3,17962.0,4.0,100.0,42000.0,18114.244620371654
1,1,18000.0,9.0,125.0,28000.0,-8204.534099596756
2,3,80000.0,10.0,150.0,34500.0,14460.094208493596
1,1,2351.0,2.0,200.0,143000.0,55285.65747607288
1,1,31782.0,6.0,220.0,52000.0,52296.110318103834
1,4,16664.0,7.0,150.0,65000.0,48963.2312626534
1,6,25999.0,6.0,110.0,28000.0,54286.70529727322
1,4,31000.0,7.0,125.0,32000.0,34342.21514844202
1,2,5100.0,6.0,350.0,120000.0,137805.80198316177
1,4,21000.0,5.0,160.0,55000.0,60281.03766971246
1,5,29878.0,4.0,150.0,75000.0,69702.53538696318
1,1,3694.0,4.0,400.0,148999.0,159042.4478080765
1,4,47293.0,5.0,125.0,30000.0,39429.58138728245
1,4,16974.0,4.0,125.0,42000.0,44334.83654317206
1,3,24720.0,5.0,100.0,32000.0,14655.506440766141
1,11,5000.0,6.0,250.0,160000.0,194620.11829182366
1,4,24063.0,3.0,160.0,67000.0,66180.65379591922
1,1,7200.0,3.0,160.0,65000.0,29958.739322605703
1,2,18000.0,7.0,500.0,120000.0,216415.161613548
1,2,16000.0,6.0,350.0,95000.0,137136.60139568686
1,4,34000.0,6.0,125.0,35000.0,37201.86531588422
1,2,9500.0,9.0,350.0,80000.0,128404.16452008621
1,1,25651.0,10.0,220.0,35000.0,40497.18503843683
1,1,26000.0,8.0,100.0,20400.0,-19392.720534011256
1,7,15000.0,5.0,200.0,105786.0,119891.99789238568
1,1,68917.0,16.0,150.0,6890.0,-18896.533219083925
1,1,24200.0,4.0,400.0,120000.0,157783.49117993336
1,5,25000.0,10.0,150.0,32600.0,51739.01510626904
1,7,3000.0,2.0,200.0,185000.0,129760.23393021441
1,4,40000.0,9.0,125.0,34000.0,27701.99657391323
1,4,52345.0,7.0,110.0,24000.0,24787.23018024293
1,1,11000.0,2.0,220.0,95000.0,65747.3471033408
1,1,20850.0,7.0,150.0,59999.0,11449.022920921561
1,4,10729.0,3.0,160.0,95000.0,66999.28871641376
1,1,39000.0,13.0,150.0,18000.0,-7928.2910412746205
1,12,40000.0,8.0,110.0,23000.0,121853.87409829047
2,1,23297.0,5.0,150.0,35000.0,8322.37790930485
1,2,18348.0,3.0,350.0,165000.0,146123.94844002114
1,4,25000.0,5.0,110.0,32000.0,32553.73176185679
1,12,15200.0,6.0,110.0,27000.0,129464.12655191134
1,12,8000.0,6.0,110.0,41000.0,129906.16730694064
1,8,200.0,4.0,150.0,84000.0,108781.81357969598
1,19,2000.0,3.0,800.0,1500000.0,605587.3702248458
1,1,47970.0,16.0,150.0,10800.0,-17610.501594695204
1,2,8000.0,3.0,500.0,152000.0,229204.44236812863
1,1,3500.0,6.0,200.0,95000.0,43039.77987743179
1,1,46000.0,5.0,150.0,60000.0,15992.617636526644
1,7,11300.0,5.0,200.0,128700.0,120119.1577248313
1,1,33000.0,9.0,220.0,41000.0,43089.83031093147
1,5,22617.0,9.0,150.0,19000.0,54929.15213264496
1,4,3747.0,3.0,110.0,50000.0,39946.217749076415
1,6,4474.0,3.0,100.0,34000.0,59243.37887515272
1,8,24336.0,4.0,150.0,50000.0,107299.99473755887
1,2,120000.0,17.0,350.0,41000.0,97269.39629840395
1,2,200.0,4.0,350.0,147000.0,144194.30290552112
1,1,53135.0,12.0,100.0,13000.0,-33233.99689101226
1,2,9820.0,3.0,350.0,115000.0,146647.52115653362
2,1,30711.0,9.0,200.0,40000.0,23173.591169856125
1,3,26000.0,13.0,100.0,23500.0,-9773.749105318828
1,3,32184.0,16.0,100.0,18500.0,-19284.914444362796
1,1,15000.0,4.0,150.0,56000.0,20939.682480496107
2,8,18000.0,5.0,150.0,45000.0,95581.07660641537
1,1,2564.0,2.0,100.0,39000.0,309.12501583560515
2,1,40000.0,11.0,220.0,28000.0,27508.32065482372
1,1,31651.0,5.0,220.0,41000.0,55347.986819434474
1,3,78882.0,18.0,100.0,14500.0,-28239.58473876584
1,4,21172.0,8.0,125.0,36000.0,31901.766963685935
1,3,60000.0,9.0,150.0,25000.0,27795.899190255397
1,1,2550.0,2.0,220.0,110000.0,66266.13104500713
1,2,8300.0,4.0,350.0,140000.0,143697.00705611316
1,2,20241.0,6.0,350.0,95000.0,136876.22711206478
1,6,11123.0,5.0,160.0,68000.0,85725.57213879145
1,3,9184.0,6.0,100.0,28000.0,12565.498343469393
1,1,3000.0,3.0,220.0,74000.0,63194.66968244671
1,3,45000.0,10.0,100.0,22000.0,-1808.7440960884705
1,2,5000.0,2.0,350.0,145000.0,149987.2766995771
2,6,23000.0,6.0,160.0,51000.0,72888.47508107174
1,2,3679.0,4.0,350.0,125000.0,143980.71126847295
3,4,89454.0,17.0,125.0,27000.0,-17813.04035101005
1,6,18000.0,5.0,160.0,45000.0,85303.36182318915
1,4,45000.0,10.0,110.0,20000.0,16106.671698808888
1,1,14788.0,3.0,150.0,46000.0,23996.53194032084
1,6,23000.0,3.0,100.0,32000.0,58105.9834546426
1,1,7708.0,4.0,150.0,38000.0,21387.371534061895
1,5,48500.0,11.0,150.0,37000.0,47252.40938212177
1,1,21000.0,7.0,125.0,29000.0,-2301.0501167834736
1,7,24451.0,3.0,200.0,125000.0,125399.42563760256
1,4,36000.0,11.0,125.0,28000.0,21859.907140409574
1,5,13013.0,3.0,150.0,121000.0,73781.78827644109
1,1,16725.0,5.0,200.0,95000.0,45271.67077818308
1,3,3500.0,2.0,110.0,46500.0,30586.145765353052
1,7,13400.0,4.0,390.0,160000.0,227464.62828699738
1,1,37000.0,8.0,100.0,22000.0,-20068.060576417134
1,1,5000.0,5.0,150.0,55000.0,18509.79415822128
1,2,15500.0,6.0,350.0,120000.0,137167.29867034167
2,1,26434.0,11.0,135.0,29000.0,-18377.73799729107
1,3,21358.0,5.0,100.0,30000.0,14861.914915545101
1,1,26000.0,7.0,100.0,20300.0,-16348.886718640177
1,3,52391.0,15.0,125.0,15000.0,-3740.816431582738
1,3,58137.0,10.0,100.0,25000.0,-2615.284290369018
1,2,20000.0,4.0,350.0,105000.0,142978.69082919054
1,6,10550.0,4.0,310.0,200000.0,171249.76816276845
1,2,50000.0,6.0,350.0,80000.0,135049.1867191596
1,4,61743.0,8.0,110.0,30000.0,21166.41039045999
1,2,31000.0,11.0,350.0,65800.0,120996.51407918711
1,1,54362.0,4.0,150.0,41999.0,18523.070230570636
1,1,6000.0,7.0,220.0,43000.0,50835.150773033514
1,8,45000.0,6.0,150.0,45000.0,99943.67013988258
1,4,9293.0,6.0,150.0,95000.0,52459.60430098574
1,1,25000.0,9.0,100.0,25000.0,-22375.15980007271
1,1,57000.0,7.0,200.0,42200.0,36711.33767399576
1,9,10619.0,6.0,750.0,345000.0,444254.2789198767
1,5,24000.0,9.0,150.0,30000.0,54844.24347094975
2,2,18057.0,5.0,350.0,115000.0,130990.06644292983
1,3,25392.0,4.0,100.0,40000.0,17658.083119001138
2,7,23000.0,5.0,390.0,115000.0,214767.3266180557
1,1,57791.0,11.0,180.0,19000.0,13494.748239760665
1,1,27700.0,7.0,200.0,45000.0,38510.19796876778
1,2,2100.0,6.0,350.0,95000.0,137989.98563109065
1,2,28097.0,10.0,350.0,80000.0,124218.57627120403
1,7,26400.0,8.0,390.0,120000.0,214491.16388448793
1,1,18000.0,6.0,150.0,25000.0,14667.831201825073
1,1,52000.0,15.0,180.0,15000.0,1674.9488133283812
1,1,30154.0,10.0,220.0,35000.0,40220.72538289559
1,3,61249.0,9.0,150.0,21000.0,27719.217398167675
1,3,35000.0,12.0,100.0,16600.0,-7282.466233734376
1,1,41932.0,5.0,150.0,35600.0,16242.3706631182
1,2,12827.0,4.0,500.0,120000.0,225864.25706324
1,3,19071.0,9.0,100.0,20000.0,2826.988988331883
1,5,2126.0,3.0,250.0,115800.0,129413.64615600927
1,1,52902.0,13.0,135.0,14000.0,-17026.316378962183
1,5,1954.0,3.0,150.0,115000.0,74460.75059725622
1,1,7230.0,7.0,200.0,44000.0,39766.94439313581
1,4,6500.0,5.0,150.0,93200.0,55674.9130925786
1,3,8000.0,3.0,125.0,60000.0,35510.55479127381
1,1,10000.0,8.0,100.0,22000.0,-18410.40774505725
1,1,1638.0,16.0,100.0,10951.0,-42247.69704669881
1,8,16257.0,5.0,110.0,31000.0,82766.78531756652
1,4,40600.0,7.0,150.0,40000.0,47493.691330378206
1,3,14882.0,7.0,100.0,26000.0,9171.838386132069
1,3,33632.0,7.0,125.0,28000.0,21761.554441885164
1,1,10160.0,4.0,100.0,36000.0,-6244.895611462467
1,5,37000.0,7.0,150.0,40000.0,60133.781960666776
1,1,27000.0,6.0,220.0,45900.0,52589.69905290246
1,7,7976.0,2.0,250.0,175000.0,156936.4623634669
1,6,54500.0,9.0,160.0,30000.0,70887.1255119035
1,6,35958.0,5.0,200.0,59999.0,106186.22067518062
1,1,36301.0,13.0,135.0,23000.0,-16007.105465873094
1,5,10500.0,3.0,150.0,121700.0,73936.07277885616
1,1,11000.0,5.0,150.0,54900.0,18141.42686236353
1,7,9000.0,4.0,200.0,150000.0,123304.19900361453
1,4,10060.0,4.0,250.0,173400.0,113463.6377336417
1,4,11000.0,13.0,110.0,30000.0,9062.584929222896
2,5,19443.0,8.0,125.0,18000.0,35362.90821201798
1,3,26000.0,8.0,110.0,30000.0,10941.765513660008
1,7,7123.0,3.0,200.0,170200.0,126463.27038803975
1,3,50000.0,8.0,100.0,20000.0,3971.9507881055615
1,3,11700.0,16.0,223.0,23000.0,49577.74167181378
1,4,48824.0,12.0,125.0,22000.0,18028.74962469186
2,5,19000.0,6.0,150.0,35000.0,55218.63748341291
1,3,13000.0,8.0,125.0,30000.0,19984.412967870274
1,1,18000.0,3.0,160.0,65000.0,29295.67819006175
1,1,93968.0,8.0,100.0,15500.0,-23565.585261487868
1,11,5000.0,6.0,250.0,160000.0,194620.11829182366
1,2,417.0,2.0,500.0,215000.0,232713.8310509146
1,6,43000.0,7.0,160.0,40200.0,77680.83045970635
1,2,1380.0,2.0,410.0,184000.0,183187.59822081856
1,2,16589.0,8.0,350.0,90000.0,131012.77237540136
1,3,23588.0,12.0,100.0,19000.0,-6581.831637012932
1,4,15000.0,9.0,250.0,65000.0,97941.17958319678
1,3,21000.0,4.0,110.0,43000.0,23424.07352169245
1,2,32000.0,9.0,350.0,71299.0,127022.78716061964
1,4,16500.0,6.0,125.0,35526.0,38276.26992880266
1,3,53000.0,4.0,100.0,35000.0,15963.102401661003
1,2,15078.0,7.0,350.0,100000.0,134149.37335477927
1,8,720.0,4.0,150.0,88000.0,108749.88841405498
1,3,28653.0,8.0,100.0,31500.0,5282.540232218133
1,7,21000.0,6.0,390.0,150000.0,220910.3620815021
1,7,28000.0,6.0,390.0,142600.0,220480.60023633472
1,2,7500.0,3.0,350.0,137000.0,146789.95651093195
1,3,13010.0,10.0,100.0,17000.0,155.2675363264425
1,1,15202.0,9.0,150.0,35000.0,5708.111704680166
1,4,11047.0,3.0,110.0,50000.0,39498.03753911615
1,2,10000.0,5.0,350.0,134100.0,140548.8025069157
1,4,55562.0,8.0,110.0,20000.0,21545.890099742785
1,2,8000.0,4.0,350.0,130000.0,143715.42542090605
1,14,110.0,8.0,675.0,600000.0,459684.5663057732
1,6,29238.0,16.0,110.0,10000.0,23649.510198348537
1,3,38987.0,15.0,100.0,14000.0,-16658.747747945097
1,5,53005.0,7.0,150.0,35000.0,59151.16219896624
1,1,15000.0,6.0,180.0,40000.0,31341.051476124238
1,1,23000.0,3.0,200.0,120000.0,50974.08761200735
1,8,13223.0,12.0,1300.0,850000.0,715711.3391852628
1,4,35000.0,9.0,250.0,125000.0,96713.28859700427
1,7,17800.0,5.0,200.0,130000.0,119720.09315431873
3,3,40155.0,14.0,223.0,17000.0,35790.267041554136
1,2,3300.0,5.0,410.0,115000.0,173938.2192400308
1,1,31969.0,4.0,100.0,27000.0,-7583.849337356085
1,1,21300.0,4.0,400.0,139000.0,157961.53537293128
1,5,15465.0,3.0,250.0,86000.0,128594.7042627682
1,5,43000.0,5.0,150.0,55000.0,65853.08229555118
1,3,17507.0,7.0,100.0,27000.0,9010.677694194303
1,4,22422.0,9.0,125.0,30500.0,28781.189961677825
1,2,8500.0,13.0,350.0,78000.0,116290.22380791152
2,4,18374.0,5.0,160.0,57000.0,51378.17957600132
1,3,11309.0,2.0,100.0,46000.0,24610.370187670764
1,8,5000.0,6.0,125.0,40000.0,88658.58825695903
1,1,17187.0,5.0,200.0,70000.0,45243.30649640203
1,6,21400.0,4.0,200.0,68000.0,110123.83633940124
1,9,27000.0,4.0,883.0,540000.0,522437.63814861956
1,1,17000.0,14.0,135.0,18000.0,-17865.963085019095
2,2,25555.0,5.0,350.0,100000.0,130529.73011220629
1,3,23000.0,3.0,100.0,42000.0,20848.772696320855
1,5,37000.0,12.0,150.0,30500.0,44914.61288381138
1,1,22000.0,6.0,150.0,20000.0,14422.253004586571
1,2,6646.0,6.0,350.0,112000.0,137710.88600992912
1,4,12308.0,7.0,125.0,35000.0,35489.80206413753
1,8,85000.0,6.0,150.0,34000.0,97487.88816749757
1,5,24000.0,5.0,150.0,62000.0,67019.57873243406
1,3,25729.0,7.0,100.0,30000.0,8505.891709770563
1,6,13890.0,3.0,200.0,95000.0,113628.74322008759
1,2,16000.0,6.0,500.0,130000.0,219581.78452753834
2,1,27000.0,5.0,220.0,59999.0,46569.452688075326
1,3,50000.0,10.0,150.0,21000.0,25366.01086798057
1,6,5200.0,3.0,160.0,82000.0,92176.87968509451
1,3,11799.0,4.0,100.0,38000.0,18492.61922776689
1,9,9000.0,6.0,750.0,428600.0,444353.676695209
1,2,20000.0,3.0,350.0,130000.0,146022.52464456164
1,3,23000.0,3.0,110.0,48000.0,26345.11823844428
1,2,11811.0,9.0,350.0,65000.0,128262.28171663165
1,1,20000.0,5.0,220.0,65000.0,56063.29471344092
2,1,55000.0,11.0,150.0,16400.0,-11887.016379684675
1,3,20000.0,5.0,100.0,24600.0,14945.288713507573
1,2,60045.0,12.0,350.0,47000.0,116169.47557911796
1,7,60000.0,8.0,200.0,79990.0,107997.7417273393
1,2,28000.0,6.0,350.0,120000.0,136399.86680397135
1,1,12000.0,5.0,220.0,76900.0,56554.45110791792
1,3,8000.0,3.0,100.0,48000.0,21769.690935965235
1,2,25351.0,7.0,500.0,100000.0,215963.85028157296
1,3,27877.0,4.0,110.0,35000.0,23001.86320609016
1,2,16000.0,5.0,350.0,120000.0,140180.43521105795
3,1,59162.0,9.0,135.0,17000.0,-23363.471356552545
1,5,24263.0,5.0,150.0,88000.0,67003.43196596565
1,1,15798.0,4.0,100.0,29500.0,-6591.038080470134
1,1,30000.0,5.0,150.0,44800.0,16974.93042548065
1,2,21000.0,5.0,350.0,119000.0,139873.46246450982
1,1,7334.0,7.0,100.0,30000.0,-15202.896061226711
1,1,49500.0,8.0,125.0,20000.0,-7094.628587478874
1,2,6200.0,4.0,350.0,131100.0,143825.93560966337
4,3,2009.0,12.0,100.0,23000.0,-32449.239198055177
1,1,31634.0,8.0,150.0,25000.0,7743.110285795483
2,4,15000.0,3.0,125.0,55000.0,38435.78301868214
1,5,30100.0,9.0,150.0,23600.0,54469.73672016103
1,2,25000.0,7.0,350.0,105000.0,133540.2166365292
1,5,50000.0,6.0,150.0,30000.0,62379.48663501274
1,7,19495.0,5.0,200.0,130000.0,119616.02939323893
1,1,34716.0,7.0,125.0,24000.0,-3143.137755114294
1,5,33000.0,6.0,150.0,50000.0,63423.19397327637
1,11,10016.0,6.0,250.0,218000.0,194312.16323248658
1,3,15000.0,16.0,160.0,15000.0,14748.16274371439
1,3,13400.0,4.0,150.0,45000.0,45876.05426493935
1,2,39000.0,8.0,350.0,85000.0,129636.85913082333
1,2,13431.0,6.0,350.0,99000.0,137294.3239928633
1,7,3749.0,4.0,390.0,154000.0,228057.14708238456
1,7,6000.0,4.0,390.0,215000.0,227918.9479518886
1,5,38000.0,9.0,150.0,21000.0,53984.71978061499
2,5,26000.0,12.0,150.0,25000.0,36525.87274601904
1,1,15000.0,5.0,135.0,42000.0,9651.330351939876
1,3,21775.0,6.0,100.0,34000.0,11792.479573111901
1,6,34000.0,7.0,180.0,36000.0,89226.07248773986
1,2,8600.0,5.0,350.0,109900.0,140634.75487594918
1,3,14649.0,6.0,100.0,25000.0,12229.977131492291
1,1,46589.0,11.0,135.0,16000.0,-10551.064958428353
1,9,16523.0,5.0,750.0,395000.0,446935.6393161238
1,3,70600.0,25.0,100.0,21000.0,-49037.95178898109
1,5,7500.0,3.0,150.0,78000.0,74120.25642678504
1,1,3500.0,6.0,220.0,60000.0,54032.47096167866
1,13,10800.0,3.0,600.0,440000.0,420605.7658318091
1,8,700.0,3.0,150.0,125000.0,111794.95012041226
2,3,658.0,4.0,223.0,50000.0,77717.58588954543
1,1,16833.0,5.0,150.0,50000.0,17783.312456240485
1,2,500.0,39.0,350.0,115000.0,37641.70100274042
1,1,4877.0,2.0,100.0,38500.0,167.11942328244186
1,3,20000.0,10.0,100.0,15600.0,-273.8803633478383
1,10,10800.0,5.0,650.0,480300.0,404742.61515336233
1,2,25000.0,5.0,350.0,95000.0,139627.88426727132
2,5,70000.0,12.0,125.0,9400.0,20083.648721086938
1,1,47057.0,9.0,100.0,20500.0,-23729.339374195115
1,5,16984.0,7.0,150.0,60000.0,61362.655259648236
1,2,20000.0,4.0,350.0,105200.0,142978.69082919054
1,2,12000.0,5.0,350.0,132400.0,140426.01340829645
1,2,17000.0,7.0,350.0,90000.0,134031.3730310062
1,1,14900.0,4.0,220.0,69600.0,59420.24073029109
1,2,6000.0,9.0,500.0,93000.0,211064.22857452137
1,8,12266.0,3.0,150.0,70000.0,111084.86076309711
1,2,32000.0,7.0,350.0,94049.0,133110.45479136182
2,6,20000.0,5.0,180.0,48000.0,87109.18362861856
1,2,41000.0,9.0,350.0,75000.0,126470.23621683301
1,4,16000.0,7.0,250.0,68000.0,103967.45266462931
1,2,18120.0,5.0,350.0,110000.0,140050.27876652154
1,15,16000.0,10.0,1200.0,680000.0,753598.5505007553
1,2,40000.0,12.0,500.0,65000.0,199845.31245188083
1,1,7500.0,4.0,150.0,76000.0,21400.141600318297
1,5,10144.0,3.0,250.0,90000.0,128921.3846596447
1,1,29858.0,4.0,100.0,27000.0,-7454.245443763466
1,8,39022.0,11.0,150.0,30009.0,85091.51767880014
1,4,43500.0,5.0,110.0,45000.0,31417.932599628723
1,1,9500.0,7.0,220.0,50000.0,50620.269850449826
1,2,16000.0,4.0,350.0,125600.0,143224.26902642904
1,1,20000.0,7.0,125.0,29900.0,-2239.6555674738484
1,1,47853.0,9.0,100.0,22000.0,-23778.209435445577
1,4,69761.0,9.0,125.0,19000.0,25874.833391909473
1,3,26886.0,10.0,100.0,17000.0,-696.643229893918
1,2,34548.0,7.0,350.0,90000.0,132954.0214797209
1,2,7800.0,5.0,350.0,110000.0,140683.87051539688
1,8,5862.0,2.0,250.0,155000.0,169485.32069348136
1,1,28100.0,8.0,150.0,42000.0,7960.078623055699
2,6,35000.0,11.0,110.0,10000.0,29450.84370188367
1,4,6518.0,2.0,110.0,57000.0,42819.92726831052
1,4,2200.0,4.0,160.0,78000.0,64479.08901210448
1,5,38000.0,7.0,150.0,43000.0,60072.38741135715
1,2,18000.0,5.0,350.0,101900.0,140057.6461124387
1,6,23481.0,5.0,180.0,45000.0,95959.54938266995
1,1,15000.0,8.0,220.0,45000.0,47238.76601387581
1,6,17000.0,3.0,310.0,185000.0,173897.60713509243
1,2,35006.0,5.0,500.0,110000.0,221458.75353873067
1,8,1408.0,3.0,150.0,95000.0,111751.48277950105
1,1,53190.0,10.0,180.0,20000.0,16821.05837650533
1,5,36226.0,5.0,150.0,52000.0,66268.96897257458
1,2,5192.0,4.0,500.0,155000.0,226333.00444721896
1,1,42300.0,11.0,150.0,22000.0,-2043.2254232542182
1,4,23298.0,5.0,125.0,35000.0,40902.743597966924
1,4,33000.0,10.0,125.0,23200.0,25087.92460370953
1,1,23511.0,4.0,220.0,68000.0,58891.5722661859
1,1,35466.0,5.0,150.0,32000.0,16639.347818954237
1,1,20000.0,3.0,220.0,65200.0,62150.96234418308
2,6,2402.0,3.0,310.0,220000.0,165729.76458571613
2,13,11500.0,3.0,600.0,475000.0,411498.70946709416
1,2,8800.0,7.0,350.0,91161.0,134534.80833534512
1,1,8000.0,5.0,150.0,70000.0,18325.610510292405
1,3,15000.0,6.0,110.0,35800.0,17704.773186808045
1,2,9858.0,4.0,350.0,125000.0,143601.3543482888
1,1,59886.0,5.0,150.0,52843.0,15140.092924813187
1,4,39000.0,10.0,125.0,24990.0,24719.557307851777
1,1,4600.0,4.0,400.0,147700.0,158986.82434640202
2,1,1234.0,7.0,220.0,50000.0,42063.67701484497
1,12,13154.0,5.0,300.0,100000.0,237064.13891551516
1,2,10000.0,9.0,500.0,95000.0,210818.65037728287
1,2,10613.0,8.0,350.0,63000.0,131379.66620207566
1,2,2600.0,4.0,350.0,123800.0,144046.95598717802
1,7,30000.0,9.0,200.0,64999.0,106795.74439125699
1,2,1400.0,6.0,500.0,140900.0,220478.14494745887
1,2,14555.0,6.0,350.0,91000.0,137225.31651943928
1,1,1501.0,2.0,100.0,40000.0,374.38742175173684
1,1,2700.0,2.0,160.0,80000.0,33278.848609870096
1,3,29000.0,5.0,150.0,40000.0,41874.4654803381
1,4,22167.0,10.0,110.0,30000.0,17508.493443195548
1,1,42585.0,5.0,220.0,55000.0,54676.69881728303
1,19,1911.0,5.0,1090.0,1350000.0,758899.1874305718
1,4,15000.0,8.0,250.0,130000.0,100985.01339856784
1,1,35583.0,15.0,125.0,13000.0,-27547.03735233438
1,5,35000.0,6.0,150.0,47000.0,63300.40487465712
1,6,893.0,2.0,160.0,94000.0,95485.13982434214
1,3,22518.0,5.0,100.0,33000.0,14790.697238345936
1,2,1450.0,5.0,500.0,149100.0,223518.90903536452
1,3,21000.0,7.0,125.0,39000.0,22537.09038876435
1,2,16500.0,39.0,350.0,125000.0,36659.38821378641
1,1,24400.0,5.0,220.0,75000.0,55793.15869647857
1,3,10883.0,5.0,100.0,42000.0,15505.022819563412
1,1,34640.0,6.0,200.0,75000.0,41127.95361193006
1,2,20513.0,10.0,350.0,80800.0,124684.19253316823
1,1,11170.0,6.0,200.0,100000.0,42568.88368422697
1,5,50000.0,8.0,150.0,54500.0,56291.81900427057
1,1,24510.0,5.0,100.0,25000.0,-10169.741209426677
1,1,9324.0,4.0,400.0,135000.0,158696.79649546335
2,4,15000.0,6.0,110.0,23500.0,21059.763259383748
1,1,50732.0,10.0,125.0,18000.0,-13257.93430297049
2,6,28454.0,4.0,160.0,43000.0,78641.2968398792
1,3,32030.0,7.0,150.0,30000.0,35600.772365187775
1,6,19500.0,6.0,180.0,40000.0,93160.12726810049
1,7,18331.0,5.0,200.0,118000.0,119687.49264863534
1,1,38752.0,9.0,100.0,23132.0,-23219.457642178677
1,5,32375.0,8.0,150.0,45000.0,57373.897935852714
1,2,9648.0,4.0,350.0,132000.0,143614.24720364378
1,1,28000.0,12.0,180.0,25000.0,12279.919442872626
1,5,24581.0,4.0,150.0,60000.0,70027.74231465625
1,1,23931.0,4.0,400.0,115000.0,157800.00631369767
1,8,9200.0,3.0,150.0,100000.0,111273.09645128045
1,5,5382.0,5.0,150.0,45000.0,68162.62245148067
1,7,18000.0,6.0,390.0,105000.0,221094.54572943097
1,6,9772.0,3.0,200.0,93000.0,113881.56597414463
1,5,1800.0,2.0,150.0,105000.0,77514.039173221
1,1,15000.0,4.0,200.0,90000.0,48421.41019111326
1,1,14544.0,3.0,220.0,68000.0,62485.93100521639
1,2,21000.0,4.0,350.0,110000.0,142917.29627988092
1,3,59000.0,15.0,100.0,17000.0,-17887.436863278628
1,12,14407.0,5.0,300.0,124000.0,236987.21154523018
1,1,2347.0,6.0,100.0,28000.0,-11852.88762844853
1,10,11000.0,5.0,650.0,550000.0,404730.3362435004
1,5,17999.0,9.0,150.0,19000.0,55212.67216135681
1,3,55000.0,8.0,125.0,27000.0,17405.84189686601
1,4,22310.0,11.0,125.0,23000.0,22700.398520458344
2,5,47486.0,11.0,150.0,40000.0,38250.58327492351
1,7,7500.0,4.0,390.0,212000.0,227826.85612792417
3,5,40000.0,8.0,150.0,54000.0,38777.60413697039
1,3,40457.0,7.0,100.0,30000.0,7601.672787538402
2,1,28081.0,6.0,220.0,48000.0,43459.25136490054
1,6,35688.0,6.0,180.0,36000.0,92166.27230387628
1,2,5541.0,4.0,500.0,128000.0,226311.5777495099
1,9,1200.0,6.0,750.0,430000.0,444832.5541798241
1,6,5700.0,3.0,310.0,180000.0,174591.3655422912
1,5,30112.0,8.0,150.0,50000.0,57512.833800940396
1,2,24000.0,8.0,350.0,117000.0,130557.77737046771
1,7,13000.0,5.0,200.0,125000.0,120014.78699100493
1,2,8500.0,5.0,350.0,128000.0,140640.89433088014
1,4,9213.0,9.0,150.0,18000.0,43333.014418817256
1,4,37000.0,7.0,150.0,35000.0,47714.71170789286
3,2,23569.0,7.0,500.0,92000.0,197945.09500804625
1,2,8000.0,7.0,350.0,90000.0,134583.92397479282
1,3,34000.0,10.0,150.0,21000.0,26348.323656934575
1,1,44400.0,8.0,220.0,42000.0,45433.766264172824
2,12,6000.0,4.0,300.0,140000.0,231483.1091564491
1,1,25483.0,3.0,220.0,75000.0,61814.336030318416
2,1,30000.0,14.0,150.0,12200.0,-19483.65409305729
1,3,14399.0,4.0,100.0,45000.0,18332.993399561863
1,2,14900.0,3.0,350.0,115000.0,146335.63684604072
1,3,26000.0,9.0,100.0,25000.0,2401.5861561654892
1,4,140.0,3.0,160.0,87000.0,67649.3955990534
1,1,12944.0,7.0,220.0,55000.0,50408.827022627476
1,3,12000.0,13.0,100.0,20000.0,-8914.225414984074
1,12,37000.0,8.0,110.0,35000.0,122038.05774621935
1,5,15684.0,10.0,150.0,48000.0,52310.96672763751
1,3,15000.0,4.0,110.0,40000.0,23792.440817550203
1,1,25398.0,7.0,125.0,35000.0,-2571.0633446472057
1,1,11800.0,5.0,220.0,75000.0,56566.730017779846
1,2,20783.0,5.0,350.0,98000.0,139886.78508171003
2,3,45000.0,10.0,223.0,29500.0,56732.225891831535
1,5,18100.0,4.0,250.0,90000.0,125389.09580996625
1,5,7500.0,4.0,150.0,72000.0,71076.42261141397
1,3,7000.0,4.0,125.0,57000.0,32528.115525212357
1,4,27281.0,5.0,160.0,29515.0,59895.41850549869
1,1,5578.0,6.0,220.0,83000.0,53904.893088213255
1,6,7157.0,2.0,200.0,106000.0,117085.94653596041
1,3,12068.0,3.0,100.0,42500.0,21519.93790937368
3,11,27000.0,7.0,250.0,140000.0,172097.44403124438
1,4,24000.0,8.0,110.0,25000.0,23483.624865053178
1,4,15000.0,6.0,160.0,50400.0,57605.57115019912
1,1,9131.0,6.0,125.0,36000.0,1471.4756043435482
1,4,800.0,2.0,160.0,89000.0,70652.70901188013
1,2,9000.0,6.0,350.0,95000.0,137566.36324085423
1,2,13624.0,5.0,350.0,140000.0,140326.30866021762
1,1,39500.0,8.0,220.0,44600.0,45734.59955578999
1,5,14615.0,12.0,150.0,36000.0,46288.92987010734
1,7,37326.0,5.0,390.0,150000.0,222951.86848484422
1,2,14000.0,6.0,500.0,130000.0,219704.5736261576
1,1,10653.0,3.0,220.0,71000.0,62724.81719658016
1,6,31000.0,10.0,110.0,22000.0,41804.33589469145
1,3,35600.0,7.0,100.0,31500.0,7899.866113535252
1,3,12580.0,6.0,125.0,27000.0,26097.86630932249
1,3,15000.0,5.0,110.0,35100.0,20748.607002179124
1,5,32231.0,9.0,150.0,36000.0,54338.90493558222
1,6,6222.0,2.0,100.0,46000.0,62179.89501833057
1,3,34700.0,6.0,223.0,42000.0,78604.00519140322
2,1,27135.0,5.0,150.0,43000.0,8086.745629054509
2,3,30000.0,13.0,223.0,16900.0,48521.642685362676
1,1,33000.0,5.0,180.0,40400.0,33279.78340392206
1,12,6000.0,3.0,300.0,105000.0,243591.02315201837
1,1,28854.0,4.0,220.0,50000.0,58563.541189224576
1,5,39000.0,9.0,150.0,34000.0,53923.32523130537
1,4,14489.0,4.0,110.0,23000.0,36242.88368502134
1,1,10100.0,8.0,150.0,50000.0,9065.180510628954
2,1,23500.0,5.0,220.0,60000.0,46784.333610659014
1,4,59589.0,6.0,150.0,42000.0,49371.704048908825
1,1,22500.0,4.0,200.0,101300.0,47960.95107129107
1,4,49000.0,7.0,125.0,22000.0,33237.11326086876
1,1,12700.0,7.0,200.0,45900.0,39431.11620841216
1,1,39637.0,14.0,180.0,15000.0,5477.803441814358
1,1,28000.0,8.0,125.0,21700.0,-5774.64577732193
1,7,12888.0,4.0,200.0,127600.0,123065.4969958987
2,5,28700.0,6.0,150.0,46000.0,54623.110355109544
1,6,16592.0,6.0,100.0,22000.0,49367.898280505426
1,2,9219.0,3.0,350.0,120000.0,146684.41928066872
1,1,4000.0,5.0,200.0,113500.0,46052.91641814806
1,3,90000.0,16.0,100.0,15000.0,-22834.50170724809
1,1,21000.0,14.0,125.0,20000.0,-23607.886824381036
2,5,20000.0,4.0,150.0,80000.0,61244.91056484544
1,6,18204.0,6.0,160.0,33000.0,82247.00351975892
1,3,42000.0,12.0,100.0,18000.0,-7712.228078901753
1,4,57000.0,8.0,150.0,36600.0,43442.98690632927
1,6,31100.0,5.0,180.0,65000.0,95491.78431147993
1,3,21389.0,12.0,150.0,10000.0,21034.9026875361
1,2,44777.0,6.0,350.0,90000.0,135369.8504502038
3,9,14000.0,6.0,750.0,330000.0,425918.54358826444
1,6,33767.0,4.0,110.0,32000.0,59897.46006897821
1,3,25536.0,9.0,150.0,22000.0,29911.800937662323
1,4,17000.0,7.0,150.0,50000.0,48942.60269408536
1,7,26000.0,6.0,200.0,110000.0,116172.82403460871
1,3,25430.0,7.0,100.0,32000.0,8524.248680014141
1,1,15508.0,6.0,100.0,26000.0,-12660.901291912509
1,2,45000.0,8.0,350.0,85000.0,129268.49183496558
1,1,35000.0,5.0,220.0,60000.0,55142.37647379654
2,5,28000.0,6.0,150.0,40000.0,54666.08653962628
1,2,22000.0,7.0,350.0,90000.0,133724.40028445807
1,7,167.0,2.0,390.0,200000.0,234364.7299887538
1,1,24220.0,5.0,220.0,58000.0,55804.2097153543
1,4,20000.0,7.0,110.0,24100.0,26773.03687766276
1,5,38724.0,7.0,150.0,45000.0,60027.93775765698
1,2,17000.0,9.0,350.0,95000.0,127943.70540026402
1,1,17000.0,5.0,150.0,43000.0,17773.059566505777
1,3,14423.0,10.0,100.0,20000.0,68.51703815194196
1,5,7000.0,5.0,150.0,103000.0,68063.2860706977
1,1,10164.0,4.0,400.0,94000.0,158645.22507404326
1,4,15768.0,6.0,125.0,28000.0,38321.21073889731
1,6,6000.0,3.0,310.0,190000.0,174572.9471774983
2,3,21884.0,8.0,100.0,32000.0,-3365.96024370323
1,2,16689.0,5.0,350.0,110000.0,140138.13436658366
1,3,61421.0,8.0,100.0,27000.0,3270.763640440331
1,3,19151.0,4.0,100.0,47000.0,18041.246501242524
1,2,38430.0,10.0,350.0,80000.0,123584.18639318766
1,5,26000.0,9.0,150.0,70000.0,54721.454372330496
1,4,8152.0,3.0,160.0,70500.0,67157.50246998468
1,3,19617.0,6.0,100.0,26000.0,11924.969010522072
1,1,22000.0,6.0,150.0,45000.0,14422.253004586571
2,4,46915.0,10.0,125.0,28000.0,15169.539269867877
1,1,45244.0,9.0,150.0,21000.0,3863.6966543204035
1,1,2981.0,4.0,220.0,66000.0,60152.00236351251
1,2,23000.0,6.0,350.0,115000.0,136706.83955051948
1,1,51503.0,8.0,180.0,24000.0,23012.298611932827
1,1,15000.0,4.0,150.0,44000.0,20939.682480496107
1,3,10000.0,14.0,100.0,19500.0,-11835.270131735902
1,6,18454.0,4.0,160.0,54000.0,88319.32251317367
1,12,34409.0,7.0,110.0,18700.0,125240.96483885167
1,6,27030.0,4.0,200.0,75000.0,109778.18502678805
1,4,6000.0,3.0,250.0,190000.0,116756.73341920988
1,2,60000.0,4.0,350.0,100000.0,140522.90885680553
1,1,9200.0,5.0,180.0,51000.0,34740.97367749114
2,11,13000.0,7.0,650.0,304952.0,401874.86958671466
1,1,40976.0,5.0,150.0,34000.0,16301.063852258201
1,1,19225.0,6.0,100.0,25000.0,-12889.104831696386
1,5,2600.0,5.0,150.0,102000.0,68333.42208766004
1,3,26000.0,8.0,100.0,24000.0,5445.4199715365685
1,5,13000.0,6.0,150.0,75000.0,64651.08495946888
1,2,8179.0,3.0,350.0,105000.0,146748.26961195073
1,2,33800.0,6.0,350.0,110000.0,136043.77841797553
1,1,72901.0,16.0,125.0,12000.0,-32881.992958842064
1,2,15437.0,7.0,350.0,90000.0,134127.33271157712
1,4,18110.0,6.0,125.0,37000.0,38177.42470441417
1,1,9600.0,5.0,150.0,48999.0,18227.379231397004
1,2,3136.0,5.0,500.0,158300.0,223415.39782522846
1,7,11500.0,5.0,390.0,150000.0,224537.44411531463
1,2,3600.0,3.0,500.0,190000.0,229474.57838509098
2,3,19233.0,11.0,100.0,18000.0,-12334.704739596651
1,4,52000.0,12.0,150.0,30000.0,31574.62439139308
1,4,10000.0,5.0,110.0,41000.0,33474.65000150117
1,2,5921.0,6.0,500.0,110000.0,220200.58019003004
2,5,13600.0,4.0,150.0,72000.0,61637.835680427044
1,2,3000.0,8.0,350.0,101500.0,131847.06290596985
1,3,10000.0,5.0,100.0,35000.0,15559.234206603825
1,10,3805.0,7.0,300.0,170000.0,206712.30842072086
3,2,36000.0,11.0,350.0,60000.0,102561.38097224255
1,6,6639.0,9.0,180.0,30000.0,84818.22112065835
1,1,4900.0,5.0,150.0,70000.0,18515.933613152243
1,7,10500.0,5.0,200.0,121900.0,120168.273364279
1,7,9500.0,4.0,390.0,190000.0,227704.06702930492
1,2,18000.0,8.0,350.0,95500.0,130926.14466632546
1,3,18652.0,8.0,110.0,31500.0,11392.892661987134
1,8,14000.0,4.0,150.0,60000.0,107934.56879922315
1,2,11191.0,4.0,500.0,130000.0,225964.69854591053
1,5,22500.0,7.0,150.0,45000.0,61024.00292565634
1,4,78000.0,10.0,150.0,33000.0,36066.03374008498
1,1,50028.0,11.0,180.0,30000.0,13971.354126051287
1,2,29000.0,5.0,500.0,132100.0,221827.4892018843
1,7,19321.0,4.0,200.0,130000.0,122670.54586018987
1,8,7500.0,5.0,150.0,70000.0,105289.79955436462
1,2,17400.0,9.0,350.0,92000.0,127919.14758054017
1,1,35596.0,5.0,150.0,46000.0,16631.366527543985
1,6,64831.0,5.0,180.0,48000.0,93420.88476871695
1,4,5000.0,2.0,150.0,89000.0,64898.50636265628
1,4,8970.0,4.0,250.0,90600.0,113530.5577923892
1,7,13000.0,4.0,390.0,145000.0,227489.18610672123
1,3,38385.0,11.0,125.0,30000.0,9294.410887532198
1,12,18000.0,7.0,110.0,29000.0,126248.38799847332
1,3,36000.0,5.0,150.0,41000.0,41444.70363517072
1,3,12537.0,6.0,100.0,25000.0,12359.64241963422
1,1,6150.0,3.0,150.0,50000.0,24526.858057257385
1,5,7000.0,4.0,125.0,47000.0,57366.256030760196
1,3,40000.0,5.0,100.0,27500.0,13717.39772731506
1,7,7000.0,3.0,390.0,170000.0,230901.38721795008
1,4,34000.0,7.0,250.0,90000.0,102862.35077705605
2,1,17100.0,8.0,100.0,25000.0,-27910.389225353807
1,9,10334.0,5.0,883.0,700000.0,520417.00589204265
1,3,18000.0,6.0,125.0,23000.0,25765.10785206432
1,2,73000.0,7.0,350.0,83000.0,130593.27826966716
1,7,19000.0,3.0,390.0,214000.0,230164.65262623457
1,1,23266.0,9.0,150.0,28000.0,5213.026059047348
1,2,26157.0,4.0,410.0,150000.0,175578.75784183177
1,6,40000.0,13.0,160.0,30000.0,59602.011215408755
1,3,43000.0,9.0,125.0,21000.0,15098.742673210436
1,4,12552.0,8.0,125.0,33000.0,32430.987978734905
1,1,25000.0,8.0,125.0,21000.0,-5590.462129393054
1,7,21250.0,5.0,390.0,155000.0,223938.84725954576
1,4,10000.0,4.0,110.0,45000.0,36518.48381687225
1,3,19000.0,4.0,100.0,36000.0,18050.517078188263
1,2,50000.0,5.0,500.0,128700.0,220538.20366638218
1,2,4600.0,7.0,500.0,124000.0,217237.84857429698
3,1,60000.0,11.0,220.0,21305.0,17216.349488433
1,1,30000.0,4.0,150.0,42000.0,20018.764240851728
1,2,40497.0,5.0,350.0,96000.0,138676.4529366201
1,7,51600.0,6.0,390.0,125000.0,219031.68887262756
2,3,26000.0,7.0,100.0,26600.0,-574.8263932905611
2,1,3325.0,5.0,150.0,42200.0,9548.549848116687
1,2,20986.0,4.0,350.0,125000.0,142918.15580357128
1,3,18000.0,9.0,100.0,26000.0,2892.7425506424916
1,6,23522.0,5.0,100.0,24000.0,51986.267869160816
1,2,24203.0,7.0,350.0,75000.0,133589.14809232892
1,2,23719.0,5.0,350.0,120000.0,139706.53068493697
1,4,20000.0,8.0,125.0,22000.0,31973.721375476816
1,1,15047.0,3.0,150.0,35500.0,23980.630752049634
1,1,47204.0,13.0,135.0,17000.0,-16676.490236995938
1,1,31006.0,5.0,150.0,35000.0,16913.167508875165
1,2,10000.0,3.0,500.0,140000.0,229081.65326950938
1,1,30500.0,5.0,150.0,40000.0,16944.233150825836
1,3,21999.0,14.0,100.0,14000.0,-12571.943328902096
1,6,36000.0,6.0,180.0,44000.0,92147.11720449167
1,4,5900.0,2.0,110.0,54000.0,42857.86909978387
2,9,13900.0,7.0,750.0,340000.0,431944.92940802255
1,2,22500.0,10.0,350.0,88000.0,124562.20156368999
1,1,12000.0,10.0,100.0,26000.0,-24620.864474418664
1,2,13000.0,8.0,500.0,109500.0,213678.3005447251
1,6,25560.0,12.0,180.0,22000.0,74525.07340705769
1,4,25000.0,9.0,150.0,26500.0,42363.7786688662
1,3,4544.0,2.0,100.0,41000.0,25025.70431375038
1,2,2382.0,2.0,350.0,175000.0,150148.00762966968
1,4,30000.0,7.0,150.0,36000.0,48144.473553060234
2,2,21407.0,5.0,410.0,92500.0,163762.46795548324
1,2,36000.0,15.0,350.0,81865.0,108514.20607115467
1,1,75000.0,9.0,125.0,26000.0,-11704.023410245398
1,1,82289.0,11.0,100.0,14000.0,-31980.05976621399
1,5,4500.0,5.0,320.0,246800.0,161654.6466600701
1,4,13680.0,9.0,150.0,40000.0,43058.76496705116
1,3,20003.0,10.0,100.0,20000.0,-274.06454699576716
1,1,7000.0,6.0,220.0,52000.0,53817.59003909497
1,2,28916.0,5.0,350.0,119999.0,139387.46321217483
1,2,12550.0,6.0,350.0,120500.0,137348.4125908051
1,7,30000.0,7.0,200.0,83000.0,112883.41202199912
3,3,68543.0,15.0,100.0,32000.0,-36601.485407736815
1,2,11072.0,8.0,500.0,105000.0,213796.66923579405
2,2,9000.0,5.0,410.0,119000.0,164524.19012876775
1,3,68717.0,9.0,125.0,25000.0,13519.859048614802
1,1,12362.0,4.0,150.0,59000.0,21101.6413015749
1,1,15000.0,6.0,220.0,55000.0,53326.433644617966
1,1,41000.0,5.0,150.0,54147.0,16299.59038307477
1,13,7000.0,4.0,300.0,235000.0,252904.8650401116
1,6,43000.0,9.0,160.0,35000.0,71593.1628289642
1,5,28000.0,7.0,150.0,75000.0,60686.332904453404
1,2,3800.0,2.0,350.0,172000.0,150060.95015874866
2,3,25000.0,11.0,100.0,20000.0,-12688.76710546526
1,1,55239.0,12.0,180.0,13500.0,10607.593314227743
1,2,3734.0,3.0,350.0,130000.0,147021.16838363197
1,7,30000.0,6.0,200.0,95000.0,115927.24583737021
1,1,53800.0,14.0,135.0,18000.0,-20125.282499613306
1,2,13000.0,4.0,350.0,130000.0,143408.45267435792
1,3,43000.0,13.0,100.0,19000.0,-10817.456443582458
1,7,33000.0,8.0,200.0,78000.0,109655.39455869918
1,2,21000.0,7.0,350.0,81100.0,133785.7948337677
2,2,49000.0,7.0,350.0,83000.0,123002.66727289995
1,7,13000.0,4.0,200.0,160000.0,123058.62080637603
1,2,4900.0,4.0,350.0,150000.0,143905.74852376588
1,4,3500.0,4.0,110.0,46500.0,36917.54838738481
1,7,11735.0,5.0,390.0,120000.0,224523.01639622683
1,3,29305.0,16.0,125.0,20000.0,-5367.295681591808
2,2,40000.0,20.0,350.0,45000.0,83985.37861686254
1,1,27875.0,12.0,200.0,40000.0,23280.284845783186
1,6,8000.0,4.0,200.0,65000.0,110946.52330015022
1,1,28000.0,8.0,150.0,21800.0,7966.218077986661
1,1,16000.0,6.0,200.0,78000.0,42272.34801106148
2,6,16688.0,6.0,180.0,40000.0,84268.68856056094
1,5,4000.0,4.0,150.0,55000.0,71291.30353399766
1,1,9000.0,5.0,150.0,80000.0,18264.21596098278
1,9,5000.0,5.0,750.0,350000.0,447643.0887078186
1,4,12000.0,4.0,160.0,67000.0,63877.42242887015
1,1,17565.0,7.0,100.0,19000.0,-15831.023695213487
1,6,6550.0,3.0,310.0,199999.0,174539.180175378
2,1,29500.0,9.0,100.0,24999.0,-31715.51545216424
1,6,5400.0,3.0,110.0,44000.0,64682.87306461543
1,4,5400.0,3.0,125.0,48000.0,48089.25087225276
1,3,3192.0,7.0,100.0,25000.0,9889.540667561589
1,4,39000.0,10.0,250.0,57100.0,93423.87658439467
1,11,19000.0,5.0,250.0,170000.0,196804.42841686
1,3,32800.0,7.0,100.0,25100.0,8071.770851602203
1,1,33212.0,6.0,200.0,70500.0,41215.625028344206
2,7,4159.0,4.0,390.0,190000.0,218967.8951369694
1,3,15367.0,12.0,100.0,23000.0,-6077.107047138503
1,1,69415.0,13.0,135.0,19000.0,-18040.124571712025
1,1,8700.0,4.0,200.0,95000.0,48808.1958517639
1,5,33555.0,13.0,150.0,35000.0,42082.28329081196
1,6,49500.0,10.0,110.0,20000.0,40668.536732463384
1,2,13300.0,6.0,500.0,110800.0,219747.54981067433
1,4,10489.0,5.0,125.0,40500.0,41689.1463800739
1,2,27000.0,6.0,350.0,105800.0,136461.26135328098
1,5,42000.0,9.0,150.0,47000.0,53739.14158337649
1,2,13779.0,6.0,500.0,94000.0,219718.14182155504
1,2,9450.0,8.0,500.0,103000.0,213896.25119477423
1,4,34000.0,7.0,150.0,70000.0,47898.89535582173
1,3,13452.0,8.0,100.0,30000.0,6215.798776273747
1,1,65365.0,15.0,125.0,25500.0,-29375.48981987364
1,7,10168.0,5.0,390.0,124000.0,224619.221654995
1,2,28000.0,12.0,350.0,70000.0,118136.86391174489
1,1,12000.0,6.0,200.0,112400.0,42517.92620829998
1,4,38000.0,7.0,250.0,85000.0,102616.77257981755
1,1,25000.0,10.0,150.0,29500.0,2062.7340951733786
1,2,5645.0,4.0,350.0,85500.0,143860.0095845302
1,2,8536.0,5.0,350.0,115000.0,140638.684127105
1,1,10000.0,4.0,150.0,70000.0,21246.655227044233
1,1,18672.0,3.0,100.0,34000.0,-3723.6521998149183
2,5,100000.0,11.0,150.0,17000.0,35026.50991247785
1,1,6000.0,3.0,220.0,80000.0,63010.48603451783
1,1,55200.0,16.0,150.0,14200.0,-18054.384186203795
